,GENERAL APPEARANCE,MANNER OF SPEAKING,PHYSICAL CONDITION,MENTAL ALERTNESS,SELF-CONFIDENCE,ABILITY TO PRESENT IDEAS,COMMUNICATION SKILLS,Student Performance Rating,TOTAL_SCORE,AVG_SCORE,CLASS
1655,4,4,4,4,4,4,4,5,33,4.125,0
884,5,5,5,5,5,4,5,5,39,4.875,1
2870,4,5,5,3,3,5,3,5,33,4.125,0
631,4,5,4,5,4,4,4,5,35,4.375,1
1186,3,3,3,3,3,3,3,5,26,3.25,0
2713,4,4,4,4,4,4,3,5,32,4.0,1
2540,5,5,5,5,5,5,4,5,39,4.875,0
2188,5,4,5,5,5,5,4,5,38,4.75,1
1933,5,3,5,4,4,4,3,4,32,4.0,0
1137,5,3,4,4,3,4,3,5,31,3.875,0
189,5,3,3,4,3,3,3,5,29,3.625,1
2486,4,5,5,5,5,4,5,5,38,4.75,1
2016,5,5,5,5,5,4,4,4,37,4.625,1
78,4,3,2,3,2,2,3,5,24,3.0,1
1912,4,4,4,3,3,4,3,5,30,3.75,1
2340,4,5,4,4,4,4,4,5,34,4.25,0
616,3,4,3,4,3,4,3,5,29,3.625,1
37,5,5,4,5,4,5,5,5,38,4.75,1
1473,4,4,4,4,4,4,4,5,33,4.125,0
2645,5,5,5,5,5,5,5,5,40,5.0,1
1980,4,4,4,4,4,4,4,4,32,4.0,1
2664,3,3,4,4,4,3,3,4,28,3.5,0
2748,5,5,5,5,4,5,4,5,38,4.75,1
747,4,3,3,4,5,4,3,5,31,3.875,0
266,3,4,4,4,4,4,4,5,32,4.0,1
526,4,3,4,4,4,3,3,5,30,3.75,1
6,4,4,4,3,3,3,3,3,27,3.375,1
619,4,4,4,4,3,4,3,4,30,3.75,1
2280,5,4,3,3,3,4,4,5,31,3.875,0
1211,5,4,5,5,5,4,4,4,36,4.5,1
982,4,3,3,3,4,3,4,5,29,3.625,0
335,5,5,5,5,5,5,5,5,40,5.0,0
2498,4,3,2,4,3,4,3,5,28,3.5,0
98,4,4,3,4,3,4,3,4,29,3.625,0
589,4,3,4,3,4,3,3,5,29,3.625,0
407,4,3,4,3,4,3,3,5,29,3.625,0
1897,3,4,4,4,4,4,4,5,32,4.0,1
1782,5,5,5,4,5,4,5,5,38,4.75,0
2432,3,4,4,4,4,4,4,5,32,4.0,1
2507,4,5,3,5,5,5,3,5,35,4.375,1
2007,3,3,3,3,3,3,3,4,25,3.125,0
93,5,4,4,4,4,4,4,4,33,4.125,1
425,4,4,4,3,3,3,3,5,29,3.625,1
114,5,4,3,3,3,4,4,5,31,3.875,0
1798,4,3,3,3,3,3,3,5,27,3.375,1
1854,5,4,5,5,5,4,4,3,35,4.375,1
1294,5,4,5,4,4,4,4,5,35,4.375,1
405,5,4,5,5,5,4,4,3,35,4.375,1
1875,4,4,4,3,4,3,3,4,29,3.625,0
2752,5,5,5,5,5,4,4,5,38,4.75,1
2189,4,3,3,3,5,3,3,3,27,3.375,0
2889,4,4,4,4,5,5,5,3,34,4.25,1
1645,5,3,3,4,3,3,3,5,29,3.625,1
522,4,5,5,3,3,5,3,5,33,4.125,0
322,4,4,3,4,4,4,4,5,32,4.0,0
2538,4,4,4,4,4,4,4,5,33,4.125,1
444,4,4,3,4,3,4,3,5,30,3.75,0
748,5,4,5,4,4,4,4,5,35,4.375,1
2838,4,4,5,4,4,4,3,5,33,4.125,0
788,3,3,3,4,3,3,3,5,27,3.375,1
1731,4,4,5,4,4,4,4,5,34,4.25,0
671,4,4,4,4,4,4,3,5,32,4.0,0
2696,3,4,3,4,3,4,3,5,29,3.625,1
1574,5,3,5,4,4,3,3,5,32,4.0,1
775,5,4,5,5,5,4,4,5,37,4.625,1
2088,4,3,4,3,3,3,2,5,27,3.375,1
375,3,4,4,4,3,4,4,5,31,3.875,1
2217,5,4,5,5,5,4,4,5,37,4.625,1
2147,4,3,4,2,2,2,2,5,24,3.0,0
1016,4,4,4,4,4,4,4,5,33,4.125,1
244,4,4,4,3,4,3,3,4,29,3.625,0
2556,4,4,4,4,3,3,3,3,28,3.5,0
1676,5,4,5,5,4,4,4,5,36,4.5,0
2363,3,3,3,3,3,3,3,4,25,3.125,0
419,4,4,4,4,3,4,4,5,32,4.0,0
2221,4,4,4,4,3,4,4,5,32,4.0,0
623,3,4,4,3,4,4,3,5,30,3.75,0
1818,4,4,3,3,3,3,3,5,28,3.5,1
1385,5,4,4,4,4,4,3,5,33,4.125,1
1054,5,4,4,4,5,4,5,5,36,4.5,0
902,4,5,4,4,4,4,4,5,34,4.25,0
2425,3,4,4,3,4,4,3,5,30,3.75,0
2825,4,3,4,4,4,3,3,4,29,3.625,1
1143,5,4,5,5,5,4,4,5,37,4.625,1
2916,5,4,5,5,5,5,4,5,38,4.75,1
381,4,4,4,4,4,4,4,5,33,4.125,0
8,4,4,4,4,4,4,4,5,33,4.125,1
783,4,4,4,4,3,4,4,5,32,4.0,0
315,4,3,4,3,4,3,4,5,30,3.75,0
2914,5,4,5,4,4,4,4,5,35,4.375,1
835,5,4,4,4,4,4,3,4,32,4.0,0
2584,5,3,4,4,4,4,3,5,32,4.0,0
530,3,4,3,4,3,4,3,5,29,3.625,1
1766,4,3,4,4,4,3,3,5,30,3.75,1
1705,3,4,4,4,3,4,3,5,30,3.75,1
168,5,4,4,4,4,4,4,5,34,4.25,1
2537,5,3,3,4,3,3,3,5,29,3.625,1
973,4,4,4,4,4,4,4,4,32,4.0,1
1349,5,4,4,4,4,4,4,5,34,4.25,1
2012,5,4,5,4,4,4,4,5,35,4.375,1
532,5,4,4,4,4,4,4,5,34,4.25,1
2394,5,3,3,3,4,3,3,3,27,3.375,0
617,4,4,4,4,4,4,4,5,33,4.125,0
391,5,5,5,5,5,4,4,3,36,4.5,1
382,4,4,4,5,5,4,4,5,35,4.375,0
458,3,3,3,3,3,3,3,5,26,3.25,0
2026,5,4,5,5,5,5,5,5,39,4.875,1
927,4,4,4,4,4,4,4,5,33,4.125,0
2792,4,4,3,4,3,4,3,5,30,3.75,0
1414,4,4,3,4,4,4,4,5,32,4.0,0
831,4,4,4,4,4,4,4,5,33,4.125,0
2828,5,4,5,5,5,5,4,5,38,4.75,1
2101,5,4,5,5,5,5,4,5,38,4.75,1
2,4,3,3,3,3,3,2,5,26,3.25,0
1755,4,3,4,4,4,3,3,5,30,3.75,0
2620,4,4,4,4,4,4,3,5,32,4.0,0
1522,4,4,4,4,4,4,4,5,33,4.125,1
1730,4,4,4,3,3,4,3,5,30,3.75,1
2129,3,3,3,3,4,3,3,3,25,3.125,1
545,4,4,4,3,3,4,3,5,30,3.75,1
2774,4,4,4,3,4,3,3,4,29,3.625,0
138,4,5,5,5,5,4,5,5,38,4.75,1
882,4,3,3,4,3,3,3,3,26,3.25,1
2448,4,4,5,4,4,4,4,5,34,4.25,0
2817,5,5,4,5,5,5,5,5,39,4.875,1
1266,4,5,4,4,4,4,4,5,34,4.25,0
1034,4,3,4,4,4,3,3,5,30,3.75,0
1858,5,3,4,4,3,4,3,5,31,3.875,0
302,5,3,5,4,4,4,3,4,32,4.0,0
115,5,5,5,5,5,5,5,5,40,5.0,1
163,4,3,4,2,2,2,2,5,24,3.0,0
547,4,4,4,4,4,4,3,5,32,4.0,1
2974,4,4,3,4,3,4,3,5,30,3.75,0
2109,4,4,4,4,4,4,3,5,32,4.0,0
1819,4,4,4,3,3,3,3,3,27,3.375,1
1567,5,4,4,4,4,4,3,5,33,4.125,1
1378,4,5,4,4,4,4,4,5,34,4.25,0
1619,4,3,4,2,2,2,2,5,24,3.0,0
242,3,3,3,4,3,3,3,5,27,3.375,1
147,3,4,3,4,3,4,3,5,29,3.625,1
2640,5,4,4,4,4,4,3,5,33,4.125,1
338,5,5,5,5,5,4,5,5,39,4.875,1
1551,4,3,4,3,3,3,3,5,28,3.5,1
1033,5,4,4,4,4,4,4,5,34,4.25,0
2789,3,4,4,3,4,4,3,5,30,3.75,0
2149,5,5,4,5,4,5,4,5,37,4.625,0
2184,4,4,4,5,5,4,4,5,35,4.375,0
1425,5,5,5,4,5,4,5,5,38,4.75,0
1604,4,4,4,3,4,4,3,4,30,3.75,0
1735,4,5,4,4,4,4,4,5,34,4.25,0
679,4,3,4,3,4,3,4,5,30,3.75,0
1723,4,3,3,3,3,3,2,5,26,3.25,1
702,5,5,5,5,5,4,5,5,39,4.875,1
2290,4,3,4,4,4,3,3,5,30,3.75,0
694,4,4,4,3,4,4,3,4,30,3.75,0
2874,4,3,4,4,4,3,3,5,30,3.75,1
1951,4,5,5,5,5,4,5,5,38,4.75,1
1928,5,5,5,5,5,5,5,5,40,5.0,1
1390,5,4,5,5,5,5,4,5,38,4.75,1
199,4,4,4,4,4,4,4,5,33,4.125,0
33,4,4,4,5,5,4,3,5,34,4.25,0
372,4,4,4,4,4,4,4,5,33,4.125,1
521,4,5,5,5,5,5,5,3,37,4.625,0
1444,4,4,4,4,3,3,3,5,30,3.75,0
1513,4,5,4,4,4,5,4,5,35,4.375,1
2216,5,5,5,5,5,5,4,5,39,4.875,1
83,4,3,3,3,3,3,2,5,26,3.25,1
467,4,4,4,4,4,4,4,5,33,4.125,0
1733,4,4,4,4,3,4,3,5,31,3.875,0
1365,4,4,4,4,4,4,4,5,33,4.125,0
1554,4,4,3,4,3,4,3,4,29,3.625,0
1358,3,4,4,4,4,4,4,5,32,4.0,1
2892,4,4,4,3,3,4,3,5,30,3.75,1
1920,5,4,4,4,4,4,3,4,32,4.0,0
853,4,4,4,4,4,4,3,5,32,4.0,0
70,3,4,3,4,3,4,3,5,29,3.625,1
2487,4,5,5,5,5,4,5,5,38,4.75,1
2716,4,4,3,3,4,4,3,5,30,3.75,1
2074,5,3,3,4,3,3,3,4,28,3.5,0
2578,5,5,5,5,5,4,4,3,36,4.5,1
2475,5,3,5,4,5,5,3,5,35,4.375,1
602,5,4,5,5,5,4,4,4,36,4.5,1
89,3,3,3,3,3,2,2,4,23,2.875,1
1205,4,3,4,4,4,3,3,4,29,3.625,1
832,4,5,4,4,4,4,4,5,34,4.25,0
2963,4,3,3,3,3,3,3,5,27,3.375,1
1361,4,4,4,4,3,4,4,5,32,4.0,1
2601,4,4,4,4,4,4,4,5,33,4.125,0
1961,4,3,4,4,3,4,3,5,30,3.75,0
2560,4,3,4,4,3,4,3,5,30,3.75,0
2140,5,5,5,5,5,4,5,5,39,4.875,1
148,4,4,4,3,4,4,3,4,30,3.75,0
52,5,5,5,5,5,5,4,5,39,4.875,1
2720,4,4,4,4,4,4,4,5,33,4.125,1
428,3,3,3,4,3,3,3,5,27,3.375,1
1204,5,5,4,4,5,4,4,5,36,4.5,1
1837,5,5,5,5,5,4,4,4,37,4.625,1
1179,4,4,4,4,3,4,4,5,32,4.0,1
961,5,4,5,5,5,4,4,5,37,4.625,1
2599,4,3,3,3,3,3,3,5,27,3.375,1
790,4,4,4,3,4,3,3,4,29,3.625,0
854,4,4,5,4,4,4,3,5,33,4.125,0
2378,4,3,4,4,3,4,3,5,30,3.75,0
297,5,5,5,5,5,5,5,5,40,5.0,1
1021,5,4,4,4,4,4,3,5,33,4.125,1
478,5,4,3,3,3,4,4,5,31,3.875,0
214,5,5,4,5,5,4,4,5,37,4.625,0
2613,4,3,3,3,3,3,2,5,26,3.25,1
167,4,3,3,3,3,3,3,5,27,3.375,1
1330,5,4,5,5,5,4,4,4,36,4.5,1
166,3,4,3,4,3,4,3,5,29,3.625,1
197,3,3,3,3,3,3,3,4,25,3.125,0
35,5,3,3,4,5,3,3,3,29,3.625,1
1864,5,4,5,5,5,4,4,5,37,4.625,1
231,5,4,5,5,5,4,4,5,37,4.625,1
1872,4,4,4,4,5,4,4,5,34,4.25,0
829,5,4,4,4,4,3,3,5,32,4.0,0
2043,5,4,5,5,5,4,4,5,37,4.625,1
1715,3,4,4,4,4,4,4,5,32,4.0,1
1229,4,4,5,5,4,5,5,5,37,4.625,0
26,4,4,4,4,3,3,3,3,28,3.5,0
2802,4,4,4,4,4,4,3,5,32,4.0,0
914,4,4,3,3,4,4,3,5,30,3.75,1
1321,5,4,5,5,5,4,4,5,37,4.625,1
2911,4,4,4,4,4,4,4,5,33,4.125,0
1177,4,5,4,5,4,4,4,5,35,4.375,1
2799,4,4,4,4,3,4,4,5,32,4.0,1
621,5,4,4,4,4,4,4,5,34,4.25,1
2962,4,4,4,4,4,4,4,4,32,4.0,1
1861,5,5,5,5,5,4,4,3,36,4.5,1
1356,5,3,3,4,3,3,3,4,28,3.5,0
1289,3,3,3,3,3,3,3,4,25,3.125,0
1340,4,4,4,4,4,4,4,5,33,4.125,1
848,5,3,5,4,4,4,3,4,32,4.0,0
716,4,4,4,4,3,3,3,5,30,3.75,0
2223,4,5,4,4,4,5,4,5,35,4.375,1
2065,4,4,4,4,3,4,3,4,30,3.75,1
2086,3,3,3,3,3,3,3,5,26,3.25,0
1638,4,5,4,5,5,5,5,5,38,4.75,1
2904,5,5,5,5,5,5,4,5,39,4.875,0
2248,5,3,3,4,3,3,3,4,28,3.5,0
355,4,3,3,3,3,3,3,5,27,3.375,1
988,4,3,2,3,2,2,3,5,24,3.0,1
2711,4,4,4,3,3,4,3,5,30,3.75,1
534,4,4,4,4,3,3,3,5,30,3.75,0
1463,5,3,3,4,3,3,3,5,29,3.625,1
1248,5,5,5,5,5,4,5,5,39,4.875,1
2127,3,3,4,4,4,4,4,5,31,3.875,0
1047,4,4,5,5,4,5,5,5,37,4.625,0
2462,5,4,3,3,3,4,4,5,31,3.875,0
703,4,5,5,5,5,5,5,3,37,4.625,0
777,5,4,5,5,5,4,4,5,37,4.625,1
852,4,3,4,4,4,3,3,5,30,3.75,0
761,4,4,4,5,5,4,3,5,34,4.25,0
1460,4,4,3,3,4,4,3,5,30,3.75,1
2172,4,4,4,3,3,3,3,3,27,3.375,1
599,5,4,5,5,4,4,4,3,34,4.25,1
1364,4,4,4,4,4,4,3,5,32,4.0,0
2894,4,5,4,5,5,5,5,5,38,4.75,1
2458,5,4,4,4,4,4,3,5,33,4.125,1
1960,5,4,4,3,3,4,4,4,31,3.875,0
179,4,5,5,5,4,4,4,5,36,4.5,1
2451,4,4,4,4,4,4,4,5,33,4.125,0
424,3,3,3,4,3,3,3,5,27,3.375,1
1317,4,3,4,3,4,3,3,5,29,3.625,0
1324,5,5,5,5,5,5,4,5,39,4.875,1
483,5,4,5,5,5,4,4,4,36,4.5,1
1762,4,3,3,2,3,2,3,4,24,3.0,1
2442,3,3,3,3,3,3,3,5,26,3.25,0
1771,4,4,3,4,4,4,4,5,32,4.0,0
97,2,2,3,3,3,3,3,5,24,3.0,0
628,5,3,3,4,3,3,3,4,28,3.5,0
856,5,3,3,3,3,3,2,5,27,3.375,1
122,5,5,5,5,5,5,3,5,38,4.75,1
485,5,5,5,5,5,4,3,4,36,4.5,1
1319,5,3,4,4,3,4,3,5,31,3.875,0
236,5,3,4,4,4,4,3,5,32,4.0,0
593,5,4,5,5,5,4,4,5,37,4.625,1
2819,5,4,4,4,4,4,3,4,32,4.0,0
1914,5,4,4,4,4,3,3,5,32,4.0,0
1740,5,5,4,4,5,4,5,3,35,4.375,0
1582,4,4,5,4,4,4,3,5,33,4.125,0
2169,3,3,3,2,3,3,3,5,25,3.125,0
2669,4,5,5,5,5,4,5,5,38,4.75,1
2712,4,5,4,5,5,5,5,5,38,4.75,1
2220,5,3,4,4,4,4,3,5,32,4.0,0
1405,4,3,3,2,3,2,3,4,24,3.0,1
2308,4,3,4,4,3,4,4,5,31,3.875,0
343,3,3,3,3,3,3,3,5,26,3.25,1
1151,4,4,4,4,5,4,4,5,34,4.25,0
1954,4,3,4,4,4,3,3,4,29,3.625,0
1464,4,4,4,4,4,4,4,5,33,4.125,1
2744,5,5,4,5,5,4,4,5,37,4.625,0
1384,5,4,4,4,4,4,3,5,33,4.125,1
1310,5,5,5,5,4,5,4,5,38,4.75,1
1822,4,4,3,4,3,4,4,5,31,3.875,1
88,5,5,5,5,5,5,4,5,39,4.875,1
1086,5,5,4,5,4,4,5,4,36,4.5,1
2323,4,5,5,5,5,5,5,3,37,4.625,0
2749,5,5,4,5,4,5,5,5,38,4.75,1
1547,4,4,4,4,4,4,4,5,33,4.125,0
323,4,3,4,4,4,3,3,4,29,3.625,0
683,4,4,5,5,4,5,5,5,37,4.625,0
1246,4,3,3,4,3,3,3,3,26,3.25,1
1571,5,5,5,5,5,5,5,5,40,5.0,1
1292,4,4,4,5,5,4,4,5,35,4.375,0
1381,5,4,4,4,4,4,3,4,32,4.0,0
2197,4,3,4,4,3,3,3,3,27,3.375,0
2773,4,4,4,3,3,3,3,5,29,3.625,1
2677,3,4,3,4,3,4,3,5,29,3.625,1
1915,4,4,4,4,3,4,3,5,31,3.875,0
1747,5,4,5,5,5,5,4,5,38,4.75,1
24,5,5,5,5,5,4,4,4,37,4.625,1
562,5,3,3,3,3,3,3,4,27,3.375,0
779,5,4,5,5,5,4,4,5,37,4.625,1
2433,4,5,4,5,4,4,4,5,35,4.375,1
234,5,5,5,5,5,5,4,5,39,4.875,1
2108,4,3,4,4,4,3,3,5,30,3.75,0
2938,5,4,5,5,4,4,4,5,36,4.5,0
1275,4,4,4,4,4,4,3,5,32,4.0,1
2735,4,3,3,3,5,3,3,3,27,3.375,0
1585,4,3,4,3,4,3,4,4,29,3.625,1
1421,3,4,3,4,3,4,3,5,29,3.625,1
1788,4,5,5,5,5,5,5,3,37,4.625,0
814,4,4,4,3,4,4,3,5,31,3.875,0
2494,3,3,4,3,4,3,3,3,26,3.25,1
722,5,5,4,5,4,4,5,4,36,4.5,1
711,5,5,4,5,4,5,4,5,37,4.625,0
2602,4,3,3,3,4,3,4,5,29,3.625,0
25,5,5,4,4,5,5,4,3,35,4.375,1
2657,5,3,5,4,5,5,3,5,35,4.375,1
2871,4,5,3,5,5,5,3,5,35,4.375,1
1249,4,5,5,5,5,5,5,3,37,4.625,0
2704,4,5,4,4,4,4,4,5,34,4.25,0
1257,5,5,4,5,4,5,4,5,37,4.625,0
2878,3,4,3,4,3,4,3,5,29,3.625,1
1148,5,4,5,5,5,4,4,4,36,4.5,1
1426,4,2,4,4,3,3,3,5,28,3.5,0
2416,4,4,4,4,4,4,4,4,32,4.0,1
1614,4,5,5,3,3,5,3,5,33,4.125,0
2972,4,3,2,3,2,2,3,5,24,3.0,1
1123,4,3,4,4,3,3,3,3,27,3.375,0
188,4,4,4,3,3,3,3,3,27,3.375,1
2063,4,4,4,4,4,4,4,5,33,4.125,0
888,3,5,5,3,5,5,3,5,34,4.25,1
1880,4,5,5,5,5,5,5,5,39,4.875,1
555,4,4,3,4,3,4,4,5,31,3.875,1
1398,4,3,4,4,4,3,3,5,30,3.75,0
1931,5,3,5,4,4,3,3,5,32,4.0,1
1839,4,4,4,4,3,3,3,3,28,3.5,0
331,5,4,4,3,3,4,4,4,31,3.875,0
729,4,4,4,4,4,4,3,5,32,4.0,1
400,5,5,5,5,4,5,4,5,38,4.75,1
886,4,5,5,3,3,5,3,5,33,4.125,0
2617,4,4,4,4,3,4,4,5,32,4.0,1
2377,5,5,5,5,5,5,4,5,39,4.875,1
2389,5,4,5,5,5,4,4,3,35,4.375,1
2837,4,4,4,4,4,4,3,5,32,4.0,0
410,5,3,3,3,4,3,3,3,27,3.375,0
2800,5,5,5,5,5,5,4,5,39,4.875,1
2746,5,4,5,5,5,5,5,5,39,4.875,1
864,4,4,4,4,4,3,3,5,31,3.875,1
681,4,3,4,4,4,3,3,5,30,3.75,1
23,4,3,3,3,5,3,3,3,27,3.375,0
1576,5,3,5,4,4,4,3,4,32,4.0,0
2315,5,4,4,3,3,4,4,4,31,3.875,0
596,5,5,5,5,5,5,4,5,39,4.875,1
1641,3,3,3,2,3,3,3,5,25,3.125,0
1871,4,3,3,3,3,3,3,5,27,3.375,1
2455,5,4,4,4,4,4,3,4,32,4.0,0
2528,4,4,4,3,3,4,3,5,30,3.75,1
1221,4,3,4,3,4,3,4,4,29,3.625,1
1924,5,4,4,4,4,4,3,5,33,4.125,1
2001,4,4,3,4,3,4,4,5,31,3.875,1
1702,4,4,4,4,4,4,4,5,33,4.125,0
2667,4,4,5,5,4,5,5,5,37,4.625,0
1752,5,5,5,5,5,4,3,4,36,4.5,1
1942,4,3,4,3,4,3,4,4,29,3.625,1
930,5,4,5,4,4,4,4,5,35,4.375,1
2518,4,4,4,4,3,3,3,5,30,3.75,0
2662,5,5,5,5,5,5,4,5,39,4.875,0
1100,4,4,4,4,4,4,4,5,33,4.125,1
2353,4,4,3,3,3,3,3,5,28,3.5,1
1234,4,3,4,4,3,4,4,5,31,3.875,0
2460,5,5,4,4,5,4,4,5,36,4.5,1
1781,4,3,2,4,3,4,3,5,28,3.5,0
1826,3,3,3,3,3,2,2,4,23,2.875,0
2190,5,5,5,5,5,4,4,4,37,4.625,1
752,5,5,5,5,5,4,4,4,37,4.625,1
1550,3,3,3,3,3,3,3,5,26,3.25,0
531,4,3,3,3,3,3,3,5,27,3.375,1
2482,3,3,4,4,4,3,3,4,28,3.5,0
2150,3,4,3,4,3,4,3,5,29,3.625,1
990,4,4,3,4,3,4,3,5,30,3.75,0
968,4,3,3,3,3,3,3,5,27,3.375,1
153,5,5,5,5,5,5,5,5,40,5.0,0
1694,4,4,4,4,4,4,3,4,31,3.875,1
861,4,3,4,3,4,3,4,5,30,3.75,0
196,4,4,3,4,4,4,3,5,31,3.875,0
1505,5,4,5,5,5,4,4,5,37,4.625,1
851,5,4,4,4,4,4,4,5,34,4.25,0
738,5,5,5,5,5,5,4,5,39,4.875,0
2195,5,5,5,5,5,5,4,5,39,4.875,1
2427,4,3,4,3,4,3,3,4,28,3.5,1
283,5,4,4,4,4,3,3,5,32,4.0,0
996,4,4,4,3,4,4,3,5,31,3.875,0
2621,4,4,4,4,4,4,4,5,33,4.125,0
1508,5,5,5,5,5,5,4,5,39,4.875,1
2224,4,3,3,3,3,3,3,5,27,3.375,1
572,4,4,4,4,3,3,3,3,28,3.5,0
1935,5,5,5,5,5,5,3,5,38,4.75,1
2736,5,5,5,5,5,4,4,4,37,4.625,1
1615,4,5,3,5,5,5,3,5,35,4.375,1
2413,5,5,3,5,3,5,5,5,36,4.5,1
1075,5,5,4,5,4,5,4,5,37,4.625,0
2505,4,5,5,5,5,5,5,3,37,4.625,0
2525,4,4,4,4,5,5,5,3,34,4.25,1
951,5,4,5,5,5,4,4,3,35,4.375,1
812,3,4,4,4,4,4,4,5,32,4.0,1
2823,5,4,4,4,4,4,3,5,33,4.125,1
218,5,5,5,5,4,5,4,5,38,4.75,1
2025,4,4,4,5,5,4,3,5,34,4.25,0
245,4,4,4,4,4,4,4,4,32,4.0,1
2881,4,4,4,4,4,4,4,4,32,4.0,1
2055,4,4,4,4,4,4,4,4,32,4.0,1
2054,4,4,4,3,4,3,3,4,29,3.625,0
1967,5,5,5,5,5,4,5,5,39,4.875,1
1431,4,5,5,5,5,5,5,3,37,4.625,0
1492,5,5,5,5,4,5,4,5,38,4.75,1
2454,4,4,4,4,4,4,4,5,33,4.125,1
2795,4,3,3,3,3,3,2,5,26,3.25,1
2612,5,3,3,4,3,3,3,4,28,3.5,0
984,3,4,4,4,3,4,3,5,30,3.75,1
583,5,5,4,5,4,5,5,5,38,4.75,1
1162,3,4,3,4,3,4,3,5,29,3.625,1
2262,4,3,4,3,3,3,2,5,27,3.375,1
1711,4,4,3,4,3,4,3,5,30,3.75,0
265,4,3,3,3,3,3,2,5,26,3.25,1
836,5,4,4,4,4,4,3,3,31,3.875,0
1415,4,3,4,4,4,3,3,4,29,3.625,0
2573,4,3,4,3,4,3,3,5,29,3.625,0
420,5,4,5,5,5,4,4,4,36,4.5,1
2158,4,5,4,4,4,4,4,5,34,4.25,0
1745,5,4,3,3,3,4,4,5,31,3.875,0
2697,4,3,3,3,3,3,3,5,27,3.375,1
1440,3,4,3,4,3,4,3,5,29,3.625,1
2307,4,3,4,4,4,3,3,4,29,3.625,0
682,4,4,4,4,4,3,3,5,31,3.875,1
1046,4,4,4,4,4,3,3,5,31,3.875,1
2506,4,5,5,3,3,5,3,5,33,4.125,0
1827,4,4,3,4,4,4,3,5,31,3.875,0
1041,4,3,3,2,3,2,3,4,24,3.0,1
1011,5,4,4,4,4,3,3,5,32,4.0,0
56,5,4,5,5,5,4,4,4,36,4.5,1
1099,5,3,3,4,3,3,3,5,29,3.625,1
1101,4,4,3,4,3,4,4,5,31,3.875,1
999,3,3,3,3,3,2,2,4,23,2.875,1
730,4,3,3,3,3,3,2,5,26,3.25,0
2000,4,4,4,4,4,4,4,5,33,4.125,1
363,4,4,4,3,3,4,3,5,30,3.75,1
2600,3,4,3,4,3,4,3,5,29,3.625,1
1586,4,3,4,4,4,3,3,3,28,3.5,1
821,5,4,4,4,4,4,4,4,33,4.125,1
609,4,4,4,4,4,4,4,4,32,4.0,1
1208,5,4,5,5,5,5,4,5,38,4.75,1
2598,4,4,4,4,4,4,4,4,32,4.0,1
414,5,5,5,5,5,5,4,5,39,4.875,1
1325,5,4,5,5,5,4,4,5,37,4.625,1
795,4,5,5,5,5,5,5,5,39,4.875,1
2948,5,4,4,4,4,4,3,5,33,4.125,0
403,5,5,5,5,5,4,4,5,38,4.75,1
2766,5,3,4,4,4,4,3,5,32,4.0,0
1065,5,4,3,3,3,3,2,3,26,3.25,0
2950,5,4,5,5,5,4,4,4,36,4.5,1
326,5,4,4,4,5,4,5,5,36,4.5,0
1899,4,4,4,3,4,4,3,5,31,3.875,0
1800,4,4,4,4,4,4,4,4,32,4.0,1
1802,5,4,5,5,5,5,4,5,38,4.75,0
580,5,4,5,5,5,5,5,5,39,4.875,1
2844,5,5,5,5,5,5,4,5,39,4.875,0
2185,4,3,3,4,5,4,3,5,31,3.875,0
53,5,4,5,5,4,4,4,3,34,4.25,1
307,4,4,4,4,4,4,3,5,32,4.0,0
1828,3,3,3,3,3,3,3,4,25,3.125,0
1225,4,3,4,3,4,3,4,5,30,3.75,0
2002,5,5,5,5,5,5,4,5,39,4.875,0
2296,4,3,4,4,4,3,3,3,28,3.5,1
2936,5,4,5,5,5,4,4,5,37,4.625,1
1644,4,4,4,3,3,3,3,3,27,3.375,1
1786,5,4,3,3,3,3,2,3,26,3.25,0
2179,3,3,3,3,3,2,2,4,23,2.875,0
1164,4,3,3,3,4,3,4,5,29,3.625,0
2806,3,3,3,3,3,3,3,5,26,3.25,0
143,3,3,4,4,4,4,4,5,31,3.875,0
319,4,4,5,5,4,5,5,5,37,4.625,0
227,5,3,4,4,3,4,3,5,31,3.875,0
2557,5,5,5,5,5,4,4,3,36,4.5,1
1259,4,3,3,3,3,3,3,5,27,3.375,1
2901,5,3,3,4,3,3,3,5,29,3.625,1
1789,4,5,5,3,3,5,3,5,33,4.125,0
2934,5,5,5,5,5,4,4,5,38,4.75,1
581,5,3,3,4,5,3,3,3,29,3.625,1
737,4,4,3,4,3,4,4,5,31,3.875,1
1153,4,4,4,3,3,3,3,5,29,3.625,1
226,5,4,5,5,4,4,4,5,36,4.5,0
2346,4,4,4,3,3,4,3,5,30,3.75,1
2687,4,5,5,5,5,5,5,3,37,4.625,0
1077,4,3,3,3,3,3,3,5,27,3.375,1
512,4,4,4,3,4,4,3,4,30,3.75,0
806,4,3,2,3,2,2,3,5,24,3.0,1
731,3,3,3,2,3,3,3,5,25,3.125,0
1742,5,4,4,4,4,4,3,5,33,4.125,1
2915,5,4,4,4,4,4,4,3,32,4.0,1
2444,4,3,4,3,3,3,2,5,27,3.375,1
156,5,5,5,5,5,4,5,5,39,4.875,1
2919,5,5,4,4,5,5,4,3,35,4.375,1
645,4,4,4,3,3,4,3,5,30,3.75,1
2450,4,4,4,4,3,4,3,5,31,3.875,0
2513,5,5,4,5,4,5,4,5,37,4.625,0
129,4,3,4,3,4,3,4,4,29,3.625,1
721,5,4,4,4,4,4,4,5,34,4.25,1
12,4,3,3,2,3,3,2,5,25,3.125,0
2862,4,3,2,4,3,4,3,5,28,3.5,0
918,4,4,4,4,4,4,4,5,33,4.125,1
695,5,4,4,3,3,4,4,4,31,3.875,0
1650,4,3,3,2,3,3,2,5,25,3.125,0
2281,5,5,5,5,5,5,5,5,40,5.0,1
709,4,3,4,2,2,2,2,5,24,3.0,0
41,5,4,5,5,5,4,4,3,35,4.375,1
2782,3,4,3,4,3,4,3,5,29,3.625,1
2978,3,4,4,4,4,4,4,5,32,4.0,1
932,5,4,5,5,5,5,4,5,38,4.75,1
1630,4,5,4,4,4,4,4,5,34,4.25,0
568,5,4,5,5,5,5,4,5,38,4.75,1
1758,5,3,5,4,5,5,3,5,35,4.375,1
2105,5,5,5,5,5,4,3,4,36,4.5,1
575,5,5,5,5,5,5,4,5,39,4.875,1
2499,5,5,5,4,5,4,5,5,38,4.75,0
2516,5,4,4,4,4,4,4,5,34,4.25,1
909,4,4,4,3,3,4,3,5,30,3.75,1
116,5,4,5,5,5,5,4,5,38,4.75,1
1327,5,4,5,5,4,4,4,3,34,4.25,1
1878,5,5,3,5,3,5,5,5,36,4.5,1
44,5,4,5,5,4,4,4,5,36,4.5,0
664,5,3,5,4,4,3,3,5,32,4.0,1
2981,4,4,4,4,3,4,4,5,32,4.0,1
1831,4,4,4,5,5,4,4,5,35,4.375,0
2784,4,3,3,3,4,3,4,5,29,3.625,0
625,4,3,4,3,4,3,3,4,28,3.5,1
648,4,4,4,4,3,4,3,5,31,3.875,0
1040,4,3,4,4,4,3,3,3,28,3.5,1
137,4,4,5,5,4,5,5,5,37,4.625,0
2392,5,4,5,5,4,4,4,5,36,4.5,0
290,5,4,4,4,4,4,3,3,31,3.875,0
1528,4,3,3,3,4,3,4,5,29,3.625,0
109,5,5,4,4,5,4,5,3,35,4.375,0
2438,4,4,4,4,4,4,3,5,32,4.0,0
1850,5,5,4,5,4,5,5,5,38,4.75,1
357,5,4,4,4,4,4,4,5,34,4.25,1
2909,3,3,3,3,3,3,3,4,25,3.125,0
2441,5,4,4,4,4,4,4,4,33,4.125,1
644,4,4,3,4,3,4,3,4,29,3.625,0
87,4,4,4,4,3,4,4,5,32,4.0,1
551,4,4,3,3,3,3,3,5,28,3.5,1
1612,5,5,5,5,5,4,5,5,39,4.875,1
693,3,4,3,4,3,4,3,5,29,3.625,1
915,4,4,3,3,3,3,3,5,28,3.5,1
1637,4,4,4,3,3,4,3,5,30,3.75,1
36,5,5,5,5,4,5,4,5,38,4.75,1
365,4,4,4,4,4,4,3,5,32,4.0,1
2295,4,3,4,3,4,3,4,4,29,3.625,1
2732,5,4,5,4,4,4,4,5,35,4.375,1
1104,4,3,3,2,3,3,2,5,25,3.125,0
1258,3,4,3,4,3,4,3,5,29,3.625,1
1272,4,4,4,3,3,4,3,5,30,3.75,1
1154,4,4,4,3,4,3,3,4,29,3.625,0
1370,4,3,4,3,3,3,2,5,27,3.375,1
1171,4,3,4,3,4,3,3,4,28,3.5,1
243,4,4,4,3,3,3,3,5,29,3.625,1
1726,4,3,4,3,3,3,3,5,28,3.5,1
385,5,4,4,4,4,4,4,3,32,4.0,1
2623,5,4,4,4,4,4,4,4,33,4.125,1
1030,5,3,5,4,4,4,3,4,32,4.0,0
1877,3,3,3,4,3,3,3,5,27,3.375,1
651,5,5,4,5,5,5,5,5,39,4.875,1
1094,4,3,3,3,3,3,2,5,26,3.25,0
2453,5,5,4,5,5,5,5,5,39,4.875,1
2479,4,3,3,2,3,2,3,4,24,3.0,1
2722,5,5,5,5,5,5,4,5,39,4.875,0
1929,5,4,5,5,5,5,4,5,38,4.75,1
2953,4,4,4,4,5,4,4,5,34,4.25,0
1320,5,3,3,3,4,3,3,3,27,3.375,0
2037,5,3,4,4,3,4,3,5,31,3.875,0
2053,4,4,4,3,3,3,3,5,29,3.625,1
2234,4,4,4,4,4,4,4,4,32,4.0,1
1895,5,3,3,4,3,3,3,4,28,3.5,0
1544,5,5,5,5,5,5,4,5,39,4.875,1
1790,4,5,3,5,5,5,3,5,35,4.375,1
1570,5,4,3,3,3,4,4,5,31,3.875,0
438,3,4,4,4,3,4,3,5,30,3.75,1
2868,5,5,5,5,5,4,5,5,39,4.875,1
394,4,3,4,4,3,4,3,5,30,3.75,0
1859,5,3,3,3,4,3,3,3,27,3.375,0
2385,5,5,4,5,4,5,5,5,38,4.75,1
2536,4,4,4,3,3,3,3,3,27,3.375,1
401,5,5,4,5,4,5,5,5,38,4.75,1
2880,5,4,4,4,4,4,4,5,34,4.25,1
223,5,4,5,5,5,4,4,3,35,4.375,1
2759,5,4,5,5,5,4,4,5,37,4.625,1
2689,4,5,3,5,5,5,3,5,35,4.375,1
2951,4,5,4,4,4,5,4,5,35,4.375,1
175,5,4,4,4,4,4,4,5,34,4.25,1
54,5,3,4,4,4,4,3,5,32,4.0,0
1487,4,3,4,4,3,3,3,3,27,3.375,0
937,5,5,5,5,5,4,4,3,36,4.5,1
2764,5,5,5,5,5,5,4,5,39,4.875,1
2365,4,4,4,4,4,4,4,5,33,4.125,0
2136,4,2,4,4,3,3,3,5,28,3.5,0
2937,4,3,4,3,4,4,3,5,30,3.75,0
706,3,5,5,3,5,5,3,5,34,4.25,1
1267,5,4,4,4,4,4,4,5,34,4.25,1
2943,5,4,5,5,5,4,4,5,37,4.625,1
1563,5,4,4,4,4,4,3,4,32,4.0,0
2213,5,4,5,5,5,4,4,5,37,4.625,1
2352,4,4,3,3,4,4,3,5,30,3.75,1
2863,5,5,5,4,5,4,5,5,38,4.75,0
2698,5,4,4,4,4,4,4,5,34,4.25,1
2945,5,4,5,5,5,4,4,5,37,4.625,1
2761,5,4,5,5,5,4,4,5,37,4.625,1
1376,4,4,4,4,3,4,3,5,31,3.875,0
499,4,3,4,4,4,3,3,5,30,3.75,1
818,4,4,4,4,4,4,3,5,32,4.0,0
1883,3,4,3,4,3,4,3,5,29,3.625,1
1262,4,4,4,4,3,3,3,5,30,3.75,0
2260,3,3,3,3,3,3,3,5,26,3.25,0
276,3,3,3,3,3,3,3,5,26,3.25,0
1696,5,5,3,5,4,4,3,5,34,4.25,1
2793,4,4,4,4,3,3,3,5,30,3.75,1
745,4,4,4,4,4,4,4,5,33,4.125,0
850,5,5,5,5,5,5,3,5,38,4.75,1
2011,4,3,3,4,5,4,3,5,31,3.875,0
2366,4,4,4,5,5,4,4,5,35,4.375,0
216,5,4,5,5,5,5,5,5,39,4.875,1
772,5,4,5,5,4,4,4,5,36,4.5,0
178,4,3,3,4,3,3,3,5,28,3.5,0
2678,4,4,4,3,4,4,3,4,30,3.75,0
1270,4,3,3,4,3,3,3,5,28,3.5,0
903,5,4,4,4,4,4,4,5,34,4.25,1
1932,5,4,5,5,5,4,4,4,36,4.5,1
1031,5,5,5,5,5,4,3,4,36,4.5,1
2839,5,3,5,4,5,5,3,5,35,4.375,1
1770,4,5,5,5,5,4,5,5,38,4.75,1
2200,5,4,5,5,5,5,5,5,39,4.875,1
464,4,4,5,4,4,4,4,5,34,4.25,0
1004,3,3,3,3,3,3,3,5,26,3.25,0
1305,4,3,4,4,3,3,3,3,27,3.375,0
2845,4,3,4,3,4,3,4,5,30,3.75,0
981,4,4,4,4,4,4,4,5,33,4.125,0
164,3,2,3,3,3,3,3,5,25,3.125,0
1048,4,5,5,5,5,4,5,5,38,4.75,1
1276,4,3,3,3,3,3,2,5,26,3.25,0
2231,5,5,3,5,3,5,5,5,36,4.5,1
2166,4,5,4,5,5,5,5,5,38,4.75,1
465,5,4,4,4,4,3,3,5,32,4.0,0
2268,4,4,4,4,3,4,3,5,31,3.875,0
286,4,5,4,4,4,4,4,5,34,4.25,0
2137,5,5,5,5,5,5,5,5,40,5.0,0
2211,5,3,4,4,3,4,3,5,31,3.875,0
2238,4,3,3,3,4,3,4,5,29,3.625,0
556,5,5,5,5,5,5,4,5,39,4.875,0
1,4,4,4,4,4,4,3,5,32,4.0,1
102,4,4,4,4,3,4,3,5,31,3.875,0
1291,4,4,4,4,4,4,4,5,33,4.125,0
2694,3,2,3,3,3,3,3,5,25,3.125,0
1665,4,4,4,5,5,4,3,5,34,4.25,0
1543,4,4,4,4,3,4,4,5,32,4.0,1
639,5,4,4,4,4,4,4,4,33,4.125,1
541,4,4,4,4,5,5,5,3,34,4.25,1
157,4,5,5,5,5,5,5,3,37,4.625,0
1015,5,5,4,5,5,5,5,5,39,4.875,1
1561,5,5,4,5,5,5,5,5,39,4.875,1
2114,4,3,4,4,4,3,3,3,28,3.5,1
1488,5,5,4,5,5,4,4,5,37,4.625,0
1233,4,3,4,4,4,3,3,4,29,3.625,0
1889,4,4,4,3,3,4,4,5,31,3.875,1
2718,4,4,4,3,3,3,3,3,27,3.375,1
1139,5,4,5,5,5,4,4,5,37,4.625,1
2928,5,4,5,5,5,5,5,5,39,4.875,1
2099,5,5,5,5,5,5,5,5,40,5.0,1
159,4,5,3,5,5,5,3,5,35,4.375,1
182,4,5,4,5,5,5,5,5,38,4.75,1
2083,4,4,4,4,4,4,4,5,33,4.125,0
1417,3,3,4,4,4,4,4,5,31,3.875,0
1783,4,2,4,4,3,3,3,5,28,3.5,0
397,4,4,4,5,5,4,3,5,34,4.25,0
2767,4,4,4,4,3,4,4,5,32,4.0,0
191,4,4,3,4,3,4,4,5,31,3.875,1
384,5,4,5,4,4,4,4,5,35,4.375,1
321,4,5,5,5,5,4,5,5,38,4.75,1
1887,3,4,4,4,3,4,3,5,30,3.75,1
896,5,4,4,4,4,4,4,5,34,4.25,1
971,4,4,4,3,3,3,3,5,29,3.625,1
2271,5,5,4,5,5,5,5,5,39,4.875,1
2192,4,4,4,4,3,3,3,3,28,3.5,0
446,5,3,3,4,3,3,3,4,28,3.5,0
2309,3,3,4,4,4,4,4,5,31,3.875,0
1821,4,4,4,4,4,4,4,5,33,4.125,1
941,4,3,4,4,3,3,3,3,27,3.375,0
2423,5,4,4,4,4,4,4,5,34,4.25,1
1459,3,3,3,2,3,3,3,5,25,3.125,0
81,4,4,4,4,3,3,3,5,30,3.75,1
2079,4,4,4,4,3,4,4,5,32,4.0,1
309,5,3,5,4,5,5,3,5,35,4.375,1
1749,5,3,5,4,4,3,3,5,32,4.0,1
171,5,4,5,5,5,5,4,5,38,4.75,0
2300,3,3,4,4,4,3,3,4,28,3.5,0
2256,4,4,4,4,4,4,3,5,32,4.0,0
107,5,4,4,4,4,4,3,4,32,4.0,0
839,5,4,4,4,4,4,3,5,33,4.125,1
523,4,5,3,5,5,5,3,5,35,4.375,1
865,4,4,5,5,4,5,5,5,37,4.625,0
2930,5,5,5,5,4,5,4,5,38,4.75,1
1484,5,4,4,4,4,5,4,5,35,4.375,1
377,3,3,3,3,3,2,2,4,23,2.875,0
895,4,3,3,3,3,3,3,5,27,3.375,1
2080,5,5,5,5,5,5,4,5,39,4.875,1
1607,5,5,5,4,5,4,5,5,38,4.75,0
527,4,3,4,2,2,2,2,5,24,3.0,0
1985,5,4,4,4,4,4,4,5,34,4.25,1
2673,3,3,4,4,4,4,4,5,31,3.875,0
2801,3,3,3,3,3,2,2,4,23,2.875,1
1662,4,3,4,4,3,4,3,5,30,3.75,0
2565,5,3,3,4,5,3,3,3,29,3.625,1
2134,4,3,2,4,3,4,3,5,28,3.5,0
1092,4,5,4,5,5,5,5,5,38,4.75,1
312,4,3,4,4,4,3,3,3,28,3.5,1
739,3,4,4,4,3,4,4,5,31,3.875,1
217,5,3,3,4,5,3,3,3,29,3.625,1
1236,5,4,4,4,5,4,5,5,36,4.5,0
2110,4,4,5,4,4,4,3,5,33,4.125,0
1707,4,4,4,3,3,4,4,5,31,3.875,1
1597,4,3,4,4,4,3,3,4,29,3.625,0
79,4,3,4,3,4,3,3,4,28,3.5,1
2228,4,4,4,3,4,3,3,4,29,3.625,0
173,4,3,3,3,3,3,3,5,27,3.375,1
2117,4,3,4,3,4,3,4,5,30,3.75,0
1922,5,5,4,4,5,4,5,3,35,4.375,0
2014,5,4,5,5,5,5,4,5,38,4.75,1
284,4,4,4,4,3,4,3,5,31,3.875,0
1820,5,3,3,4,3,3,3,5,29,3.625,1
1681,5,4,5,5,5,4,4,5,37,4.625,1
466,4,4,4,4,3,4,3,5,31,3.875,0
2628,4,4,3,4,3,4,3,4,29,3.625,0
2087,4,3,4,3,3,3,3,5,28,3.5,1
2405,4,5,4,4,4,5,4,5,35,4.375,1
55,4,4,4,4,3,4,4,5,32,4.0,0
117,5,4,5,5,5,5,4,5,38,4.75,1
126,4,4,5,4,4,4,3,5,33,4.125,0
314,5,5,5,5,5,5,4,5,39,4.875,0
1323,5,4,5,5,5,4,4,5,37,4.625,1
1416,4,3,4,4,3,4,4,5,31,3.875,0
1300,4,4,4,4,3,3,3,3,28,3.5,0
340,4,5,5,3,3,5,3,5,33,4.125,0
9,4,4,3,4,3,4,4,5,31,3.875,1
1131,5,5,5,5,5,4,4,5,38,4.75,1
649,4,4,4,4,4,4,4,5,33,4.125,0
207,5,5,4,4,5,5,4,3,35,4.375,1
1791,3,5,5,3,5,5,3,5,34,4.25,1
2822,5,4,4,4,4,4,3,5,33,4.125,1
104,4,5,4,4,4,4,4,5,34,4.25,0
2515,4,3,3,3,3,3,3,5,27,3.375,1
1677,5,3,4,4,3,4,3,5,31,3.875,0
1282,4,4,4,4,4,4,4,5,33,4.125,1
34,5,4,5,5,5,5,5,5,39,4.875,1
913,3,3,3,2,3,3,3,5,25,3.125,0
1363,3,3,3,3,3,2,2,4,23,2.875,1
922,4,3,3,2,3,3,2,5,25,3.125,0
2476,5,3,3,3,3,3,2,5,27,3.375,1
889,3,3,3,3,3,3,3,5,26,3.25,1
1202,5,4,4,4,4,4,3,5,33,4.125,1
834,4,4,4,4,4,4,4,5,33,4.125,1
69,4,3,3,3,3,3,3,5,27,3.375,1
1254,4,3,4,4,4,3,3,5,30,3.75,1
2175,4,4,3,4,3,4,4,5,31,3.875,1
876,4,4,4,3,4,4,3,4,30,3.75,0
758,4,3,4,4,3,4,3,5,30,3.75,0
773,5,3,4,4,3,4,3,5,31,3.875,0
2282,5,4,5,5,5,5,4,5,38,4.75,1
960,5,5,5,5,5,5,4,5,39,4.875,1
863,4,3,4,4,4,3,3,5,30,3.75,1
60,3,3,3,4,3,3,3,5,27,3.375,1
2118,3,3,4,4,4,3,3,4,28,3.5,0
1979,5,4,4,4,4,4,4,5,34,4.25,1
238,5,4,5,5,5,4,4,4,36,4.5,1
1668,5,5,5,5,4,5,4,5,38,4.75,1
292,5,4,4,4,4,4,3,5,33,4.125,1
1785,4,3,3,4,3,3,3,3,26,3.25,1
1455,4,4,4,3,3,4,3,5,30,3.75,1
771,4,3,4,3,4,3,3,5,29,3.625,0
576,4,3,4,4,3,4,3,5,30,3.75,0
2818,4,4,4,4,4,4,4,5,33,4.125,1
0,4,5,4,5,5,5,5,5,38,4.75,1
320,4,5,5,5,5,4,5,5,38,4.75,1
329,3,4,3,4,3,4,3,5,29,3.625,1
1599,3,3,4,4,4,4,4,5,31,3.875,0
805,3,4,4,3,4,4,3,5,30,3.75,0
2081,3,3,3,3,3,2,2,4,23,2.875,1
480,5,4,5,5,5,5,4,5,38,4.75,1
2436,5,5,5,5,5,5,4,5,39,4.875,1
2502,4,3,3,4,3,3,3,3,26,3.25,1
979,4,3,3,3,3,3,3,5,27,3.375,1
2541,3,4,4,4,3,4,4,5,31,3.875,1
2973,4,3,4,3,4,3,3,4,28,3.5,1
237,4,4,4,4,3,4,4,5,32,4.0,0
1532,4,4,4,3,3,4,4,5,31,3.875,1
2554,5,5,5,5,5,4,4,4,37,4.625,1
1130,4,4,3,3,3,4,4,3,28,3.5,0
585,5,5,5,5,5,4,4,5,38,4.75,1
1038,5,3,3,3,3,3,2,5,27,3.375,1
308,4,4,5,4,4,4,3,5,33,4.125,0
2369,5,4,4,4,4,4,4,3,32,4.0,1
2102,5,3,5,4,4,3,3,5,32,4.0,1
1776,3,3,3,3,4,3,3,3,25,3.125,1
1491,5,3,3,4,5,3,3,3,29,3.625,1
998,5,5,5,5,5,5,4,5,39,4.875,1
1475,4,3,3,4,5,4,3,5,31,3.875,0
506,4,3,4,4,3,4,4,5,31,3.875,0
1218,4,4,5,4,4,4,3,5,33,4.125,0
2656,4,4,5,4,4,4,3,5,33,4.125,0
911,4,4,4,4,4,4,3,5,32,4.0,1
1435,3,3,3,3,3,3,3,5,26,3.25,1
749,5,4,4,4,4,4,4,3,32,4.0,1
274,4,3,3,3,3,3,2,5,26,3.25,1
1190,4,4,3,4,3,4,3,4,29,3.625,0
1981,4,4,4,4,3,3,3,5,30,3.75,0
476,5,5,4,4,5,4,4,5,36,4.5,1
919,4,4,3,4,3,4,4,5,31,3.875,1
2682,4,2,4,4,3,3,3,5,28,3.5,0
727,4,4,4,3,3,4,3,5,30,3.75,1
677,4,3,3,2,3,2,3,4,24,3.0,1
1519,4,4,4,4,4,4,4,4,32,4.0,1
2898,4,4,3,3,4,4,3,5,30,3.75,1
200,4,4,4,5,5,4,4,5,35,4.375,0
524,3,5,5,3,5,5,3,5,34,4.25,1
2291,4,4,4,4,4,4,3,5,32,4.0,0
2397,5,4,5,5,5,4,4,5,37,4.625,1
2873,3,3,3,3,3,3,3,5,26,3.25,1
1407,4,3,4,3,4,3,4,5,30,3.75,0
2347,4,4,4,3,3,4,3,5,30,3.75,1
784,5,4,5,5,5,4,4,4,36,4.5,1
1418,5,4,4,4,5,4,5,5,36,4.5,0
2910,5,3,3,3,3,3,3,4,27,3.375,0
946,5,5,5,5,4,5,4,5,38,4.75,1
448,3,4,4,4,4,4,4,5,32,4.0,1
2769,4,5,4,4,4,5,4,5,35,4.375,1
1119,5,5,5,5,5,4,4,3,36,4.5,1
2181,3,3,3,3,3,3,3,4,25,3.125,0
174,4,5,4,4,4,4,4,5,34,4.25,0
2577,5,4,5,5,5,4,4,5,37,4.625,1
1905,4,3,3,3,3,3,2,5,26,3.25,1
1166,3,4,4,4,3,4,3,5,30,3.75,1
431,4,5,5,5,5,5,5,5,39,4.875,1
858,4,3,4,4,4,3,3,3,28,3.5,1
1616,3,5,5,3,5,5,3,5,34,4.25,1
636,4,4,4,4,4,4,3,5,32,4.0,0
939,5,5,5,5,5,5,4,5,39,4.875,1
305,5,4,4,4,4,4,4,5,34,4.25,0
780,5,5,5,5,5,5,4,5,39,4.875,1
2330,3,2,3,3,3,3,3,5,25,3.125,0
2204,4,4,3,3,3,4,4,3,28,3.5,0
1264,3,4,3,3,3,3,3,5,27,3.375,0
1797,3,4,3,4,3,4,3,5,29,3.625,1
2091,4,4,4,3,3,4,3,5,30,3.75,1
2843,4,3,3,2,3,2,3,4,24,3.0,1
1483,5,5,5,5,5,4,4,3,36,4.5,1
1167,5,4,4,4,4,4,4,5,34,4.25,1
2327,3,3,3,3,3,3,3,5,26,3.25,1
456,4,3,3,3,3,3,2,5,26,3.25,1
1855,5,4,5,5,5,4,4,5,37,4.625,1
2167,4,4,4,4,4,4,3,5,32,4.0,1
1183,4,4,4,4,4,4,4,5,33,4.125,0
1112,5,4,5,4,4,4,4,5,35,4.375,1
1304,4,3,4,4,3,4,3,5,30,3.75,0
404,5,5,5,5,5,4,4,5,38,4.75,1
595,5,4,5,5,5,4,4,5,37,4.625,1
697,5,5,5,4,5,4,5,5,38,4.75,0
658,5,5,4,4,5,4,4,5,36,4.5,1
2060,4,4,4,4,4,4,4,4,32,4.0,1
1116,5,5,5,5,5,4,4,4,37,4.625,1
2143,4,5,3,5,5,5,3,5,35,4.375,1
820,4,3,3,3,3,3,2,5,26,3.25,1
2756,5,4,5,5,4,4,4,5,36,4.5,0
1117,5,5,4,4,5,5,4,3,35,4.375,1
564,4,4,4,5,5,4,4,5,35,4.375,0
1073,4,3,4,2,2,2,2,5,24,3.0,0
2032,5,5,5,5,5,4,4,5,38,4.75,1
1306,5,5,4,5,5,4,4,5,37,4.625,0
436,4,3,3,3,4,3,4,5,29,3.625,0
830,4,4,4,4,3,4,3,5,31,3.875,0
1736,5,5,4,5,5,5,5,5,39,4.875,1
2653,5,4,4,4,4,4,4,5,34,4.25,0
2559,5,5,5,5,5,5,4,5,39,4.875,1
2814,4,4,4,4,3,4,3,5,31,3.875,0
2412,3,3,3,4,3,3,3,5,27,3.375,1
2331,5,5,4,5,4,5,4,5,37,4.625,0
2651,5,5,5,5,5,4,3,4,36,4.5,1
1000,4,4,4,4,4,4,3,5,32,4.0,0
2415,4,5,5,5,5,5,5,5,39,4.875,1
2329,4,3,4,2,2,2,2,5,24,3.0,0
1024,5,4,3,3,3,4,4,5,31,3.875,0
2636,4,4,4,4,4,4,4,5,33,4.125,1
2359,3,4,4,4,3,4,4,5,31,3.875,1
441,3,4,4,3,4,4,3,5,30,3.75,0
257,5,4,4,4,4,4,4,5,34,4.25,1
16,5,3,3,3,3,3,3,4,27,3.375,0
2112,5,3,3,3,3,3,2,5,27,3.375,1
1482,4,4,4,4,3,3,3,3,28,3.5,0
1096,4,4,3,3,4,4,3,5,30,3.75,1
1173,4,4,4,4,3,3,3,5,30,3.75,1
754,4,4,4,4,3,3,3,3,28,3.5,0
2059,4,5,5,5,5,5,5,5,39,4.875,1
2970,4,4,4,3,3,4,4,5,31,3.875,1
535,5,4,5,5,5,5,4,5,38,4.75,0
667,5,5,5,5,5,4,3,4,36,4.5,1
1845,5,5,4,5,5,4,4,5,37,4.625,0
591,5,3,4,4,3,4,3,5,31,3.875,0
2299,4,3,4,3,4,3,4,5,30,3.75,0
408,5,4,5,5,4,4,4,5,36,4.5,0
2225,4,4,4,4,5,4,4,5,34,4.25,0
741,3,3,3,3,3,2,2,4,23,2.875,0
2239,4,4,4,4,3,4,3,4,30,3.75,1
1296,5,4,5,5,5,5,4,5,38,4.75,1
1834,5,4,4,4,4,4,4,3,32,4.0,1
303,5,5,5,5,5,4,3,4,36,4.5,1
2469,5,5,5,5,5,4,3,4,36,4.5,1
916,4,4,4,3,3,3,3,3,27,3.375,1
1010,4,4,5,4,4,4,4,5,34,4.25,0
442,4,3,2,3,2,2,3,5,24,3.0,1
1439,5,5,4,5,4,5,4,5,37,4.625,0
608,4,4,4,3,4,3,3,4,29,3.625,0
1286,4,3,3,2,3,3,2,5,25,3.125,0
1206,5,4,3,3,3,4,4,5,31,3.875,0
874,3,3,4,3,4,3,3,3,26,3.25,1
2879,4,3,3,3,3,3,3,5,27,3.375,1
613,4,5,5,5,5,5,5,5,39,4.875,1
1339,5,5,3,5,3,5,5,5,36,4.5,1
811,4,3,3,3,3,3,2,5,26,3.25,1
2886,4,5,4,4,4,4,4,5,34,4.25,0
809,4,4,4,4,3,3,3,5,30,3.75,1
1035,4,4,4,4,4,4,3,5,32,4.0,0
1719,5,5,5,5,5,5,4,5,39,4.875,1
2903,4,4,3,4,3,4,4,5,31,3.875,1
80,4,4,3,4,3,4,3,5,30,3.75,0
2326,3,5,5,3,5,5,3,5,34,4.25,1
1795,3,2,3,3,3,3,3,5,25,3.125,0
1044,3,3,4,4,4,3,3,4,28,3.5,0
2278,5,5,4,4,5,4,4,5,36,4.5,1
1078,5,4,4,4,4,4,4,5,34,4.25,1
347,5,5,4,5,4,5,4,5,37,4.625,0
2142,4,5,5,3,3,5,3,5,33,4.125,0
2644,5,4,3,3,3,4,4,5,31,3.875,0
1168,4,4,4,3,3,4,4,5,31,3.875,1
150,4,3,2,4,3,4,3,5,28,3.5,0
479,5,5,5,5,5,5,5,5,40,5.0,1
2783,4,4,4,4,4,4,4,5,33,4.125,0
2705,5,4,4,4,4,4,4,5,34,4.25,1
885,4,5,5,5,5,5,5,3,37,4.625,0
2096,5,5,4,4,5,4,4,5,36,4.5,1
1894,4,4,4,4,3,3,3,5,30,3.75,1
548,4,3,3,3,3,3,2,5,26,3.25,0
2481,4,3,4,3,4,3,4,5,30,3.75,0
457,5,4,4,4,4,4,4,4,33,4.125,1
294,5,5,4,4,5,4,4,5,36,4.5,1
1810,4,5,5,5,4,4,4,5,36,4.5,1
1632,5,5,4,5,4,4,5,4,36,4.5,1
2861,5,4,4,3,3,4,4,4,31,3.875,0
2379,4,3,4,4,3,3,3,3,27,3.375,0
1411,4,4,5,5,4,5,5,5,37,4.625,0
1869,5,4,5,5,5,4,4,4,36,4.5,1
2022,4,3,4,4,3,4,3,5,30,3.75,0
1759,5,3,3,3,3,3,2,5,27,3.375,1
689,3,3,4,4,4,4,4,5,31,3.875,0
2923,5,5,5,5,5,5,4,5,39,4.875,1
204,5,4,5,5,5,5,4,5,38,4.75,1
605,4,4,4,4,5,4,4,5,34,4.25,0
2005,3,3,3,3,3,2,2,4,23,2.875,0
1603,3,4,3,4,3,4,3,5,29,3.625,1
510,3,3,4,3,4,3,3,3,26,3.25,1
626,4,4,3,4,3,4,3,5,30,3.75,0
1380,4,4,4,4,4,4,4,5,33,4.125,1
1480,5,5,5,5,5,4,4,4,37,4.625,1
766,4,4,3,3,3,4,4,3,28,3.5,0
1499,4,3,4,3,4,3,3,5,29,3.625,0
505,4,3,4,4,4,3,3,4,29,3.625,0
2979,4,5,4,5,4,4,4,5,35,4.375,1
1552,4,3,4,3,3,3,2,5,27,3.375,1
306,4,3,4,4,4,3,3,5,30,3.75,0
2241,5,4,4,4,4,4,4,5,34,4.25,1
1537,4,4,4,4,3,3,3,5,30,3.75,1
108,5,4,4,4,4,4,3,3,31,3.875,0
1507,5,4,5,5,5,4,4,5,37,4.625,1
1178,4,4,4,3,4,4,3,5,31,3.875,0
2350,4,3,3,3,3,3,2,5,26,3.25,0
544,4,4,4,3,3,4,3,5,30,3.75,1
1639,4,4,4,4,4,4,3,5,32,4.0,1
2249,4,3,3,3,3,3,2,5,26,3.25,1
2555,5,5,4,4,5,5,4,3,35,4.375,1
2367,4,3,3,4,5,4,3,5,31,3.875,0
2567,5,5,4,5,4,5,5,5,38,4.75,1
686,4,4,3,4,4,4,4,5,32,4.0,0
1992,4,5,4,5,5,5,5,5,38,4.75,1
1322,5,5,5,5,5,4,4,3,36,4.5,1
2702,3,4,3,3,3,3,3,5,27,3.375,0
756,5,4,4,4,4,5,4,5,35,4.375,1
1950,4,4,5,5,4,5,5,5,37,4.625,0
2771,4,4,4,4,5,4,4,5,34,4.25,0
2141,4,5,5,5,5,5,5,3,37,4.625,0
2897,3,3,3,2,3,3,3,5,25,3.125,0
579,4,4,4,5,5,4,3,5,34,4.25,0
1187,4,3,4,3,3,3,3,5,28,3.5,1
701,5,4,3,3,3,3,2,3,26,3.25,0
1605,5,4,4,3,3,4,4,4,31,3.875,0
1392,5,3,5,4,4,3,3,5,32,4.0,1
2085,5,4,4,4,4,4,4,4,33,4.125,1
1751,5,3,5,4,4,4,3,4,32,4.0,0
1318,5,4,5,5,4,4,4,5,36,4.5,0
1360,4,4,4,3,4,4,3,5,31,3.875,0
2335,4,4,4,4,4,4,4,4,32,4.0,1
1341,4,5,5,5,5,5,5,5,39,4.875,1
2351,3,3,3,2,3,3,3,5,25,3.125,0
280,4,4,3,4,3,4,3,4,29,3.625,0
2254,5,5,5,5,5,5,4,5,39,4.875,1
2727,3,3,3,3,3,3,3,4,25,3.125,0
933,4,3,3,3,5,3,3,3,27,3.375,0
2237,4,4,4,4,4,4,4,5,33,4.125,0
672,4,4,5,4,4,4,3,5,33,4.125,0
934,5,5,5,5,5,4,4,4,37,4.625,1
2064,4,3,3,3,4,3,4,5,29,3.625,0
289,5,4,4,4,4,4,3,4,32,4.0,0
1815,4,3,3,3,3,3,2,5,26,3.25,0
866,4,5,5,5,5,4,5,5,38,4.75,1
203,5,4,4,4,4,4,4,3,32,4.0,1
105,5,5,4,5,5,5,5,5,39,4.875,1
43,4,3,4,3,4,3,3,5,29,3.625,0
1081,5,4,5,5,5,5,4,5,38,4.75,0
2426,4,3,2,3,2,2,3,5,24,3.0,1
1908,4,3,4,3,3,3,3,5,28,3.5,1
2162,4,3,3,4,3,3,3,5,28,3.5,0
2435,4,4,4,4,3,4,4,5,32,4.0,1
905,4,4,4,4,5,5,5,3,34,4.25,1
792,3,3,3,4,3,3,3,5,27,3.375,1
2918,5,5,5,5,5,4,4,4,37,4.625,1
921,3,4,4,4,3,4,4,5,31,3.875,1
1194,4,4,4,4,3,4,3,5,31,3.875,0
1843,4,3,4,4,3,4,3,5,30,3.75,0
1557,5,4,4,4,4,3,3,5,32,4.0,0
1122,4,3,4,4,3,4,3,5,30,3.75,0
2719,5,3,3,4,3,3,3,5,29,3.625,1
2659,4,3,4,3,4,3,4,4,29,3.625,1
1986,5,5,4,5,4,4,5,4,36,4.5,1
49,5,4,5,5,5,4,4,5,37,4.625,1
2321,5,4,3,3,3,3,2,3,26,3.25,0
690,5,4,4,4,5,4,5,5,36,4.5,0
868,4,4,3,4,4,4,4,5,32,4.0,0
2787,5,4,4,4,4,4,4,5,34,4.25,1
2094,5,4,4,4,4,4,3,5,33,4.125,1
2121,4,4,5,5,4,5,5,5,37,4.625,0
125,4,4,4,4,4,4,3,5,32,4.0,0
1280,4,4,4,3,3,3,3,3,27,3.375,1
1344,3,4,3,4,3,4,3,5,29,3.625,1
1814,4,4,4,4,4,4,3,5,32,4.0,1
1717,4,4,4,3,4,4,3,5,31,3.875,0
282,4,4,5,4,4,4,4,5,34,4.25,0
2929,5,3,3,4,5,3,3,3,29,3.625,1
2875,4,3,4,2,2,2,2,5,24,3.0,0
2625,4,3,4,3,3,3,3,5,28,3.5,1
957,5,4,5,5,5,4,4,5,37,4.625,1
350,5,4,4,4,4,4,4,5,34,4.25,1
155,5,4,3,3,3,3,2,3,26,3.25,0
2665,4,3,4,4,4,3,3,5,30,3.75,1
2726,4,4,3,4,4,4,3,5,31,3.875,0
1556,4,4,5,4,4,4,4,5,34,4.25,0
1573,5,4,5,5,5,5,4,5,38,4.75,1
900,3,4,3,3,3,3,3,5,27,3.375,0
1636,4,4,4,3,3,4,3,5,30,3.75,1
675,4,3,4,3,4,3,4,4,29,3.625,1
2008,5,3,3,3,3,3,3,4,27,3.375,0
1930,5,4,5,5,5,5,4,5,38,4.75,1
1060,4,3,2,4,3,4,3,5,28,3.5,0
2865,5,5,5,5,5,5,5,5,40,5.0,0
2952,4,3,3,3,3,3,3,5,27,3.375,1
2488,4,4,3,4,4,4,4,5,32,4.0,0
2747,5,3,3,4,5,3,3,3,29,3.625,1
964,5,3,4,4,4,4,3,5,32,4.0,0
536,3,4,3,3,3,3,3,5,27,3.375,0
2725,3,3,3,3,3,2,2,4,23,2.875,0
2652,5,5,5,5,5,5,3,5,38,4.75,1
443,4,3,4,3,4,3,3,4,28,3.5,1
2899,4,4,3,3,3,3,3,5,28,3.5,1
1682,5,5,5,5,5,5,4,5,39,4.875,1
2338,3,4,3,3,3,3,3,5,27,3.375,0
520,5,5,5,5,5,4,5,5,39,4.875,1
144,5,4,4,4,5,4,5,5,36,4.5,0
447,4,3,3,3,3,3,2,5,26,3.25,1
475,5,4,4,4,4,4,3,5,33,4.125,1
2608,4,3,2,3,2,2,3,5,24,3.0,1
1813,4,5,4,5,5,5,5,5,38,4.75,1
1535,4,3,4,3,4,3,3,4,28,3.5,1
2294,5,3,3,3,3,3,2,5,27,3.375,1
2253,4,4,4,4,3,4,4,5,32,4.0,1
945,5,3,3,4,5,3,3,3,29,3.625,1
1180,5,5,5,5,5,5,4,5,39,4.875,1
1568,5,5,4,4,5,4,4,5,36,4.5,1
1529,4,4,4,4,3,4,3,4,30,3.75,1
2501,5,5,5,5,5,5,5,5,40,5.0,0
1443,4,4,4,4,4,4,4,4,32,4.0,1
2781,4,3,3,3,3,3,3,5,27,3.375,1
1383,5,5,4,4,5,4,5,3,35,4.375,0
1452,4,3,3,4,3,3,3,5,28,3.5,0
388,5,5,5,5,5,4,4,4,37,4.625,1
362,4,4,4,3,3,4,3,5,30,3.75,1
870,4,3,4,4,3,4,4,5,31,3.875,0
2580,5,5,5,5,5,5,4,5,39,4.875,1
434,3,4,3,4,3,4,3,5,29,3.625,1
1368,3,3,3,3,3,3,3,5,26,3.25,0
119,5,4,5,5,5,4,4,4,36,4.5,1
2391,4,3,4,3,4,3,3,5,29,3.625,0
620,3,4,4,4,3,4,3,5,30,3.75,1
1256,3,2,3,3,3,3,3,5,25,3.125,0
39,5,5,5,5,5,4,4,5,38,4.75,1
713,4,3,3,3,3,3,3,5,27,3.375,1
872,5,4,4,4,5,4,5,5,36,4.5,0
2246,4,4,3,4,3,4,3,5,30,3.75,0
1569,4,3,4,4,4,3,3,4,29,3.625,1
367,3,3,3,2,3,3,3,5,25,3.125,0
1852,5,5,5,5,5,4,4,5,38,4.75,1
77,3,4,4,3,4,4,3,5,30,3.75,0
2856,5,4,4,4,5,4,5,5,36,4.5,0
1978,4,3,3,3,3,3,3,5,27,3.375,1
2552,5,4,5,5,5,5,4,5,38,4.75,1
2266,4,4,5,4,4,4,4,5,34,4.25,0
1084,4,5,4,4,4,4,4,5,34,4.25,0
891,4,3,4,2,2,2,2,5,24,3.0,0
86,4,4,4,3,4,4,3,5,31,3.875,0
2116,5,5,5,5,5,5,4,5,39,4.875,0
1316,5,4,5,5,5,4,4,5,37,4.625,1
1865,5,5,5,5,5,5,4,5,39,4.875,1
1125,4,4,4,5,5,4,3,5,34,4.25,0
311,4,3,4,3,4,3,4,4,29,3.625,1
1769,4,5,5,5,5,4,5,5,38,4.75,1
724,4,3,3,4,3,3,3,5,28,3.5,0
1808,4,4,4,4,5,5,5,3,34,4.25,1
2905,3,4,4,4,3,4,4,5,31,3.875,1
1876,4,4,4,4,4,4,4,4,32,4.0,1
553,5,3,3,4,3,3,3,5,29,3.625,1
298,5,4,5,5,5,5,4,5,38,4.75,1
1977,3,4,3,4,3,4,3,5,29,3.625,1
1343,4,3,3,3,3,3,3,5,27,3.375,1
360,4,3,3,4,3,3,3,5,28,3.5,0
327,3,3,3,3,4,3,3,3,25,3.125,1
2587,4,5,4,4,4,5,4,5,35,4.375,1
1545,3,3,3,3,3,2,2,4,23,2.875,1
1427,5,5,5,5,5,5,5,5,40,5.0,0
826,4,4,3,4,3,4,3,4,29,3.625,0
1741,5,4,4,4,4,4,3,5,33,4.125,1
1851,4,4,3,3,3,4,4,3,28,3.5,0
2146,4,3,4,4,4,3,3,5,30,3.75,1
492,5,3,3,3,3,3,2,5,27,3.375,1
1909,4,3,4,3,3,3,2,5,27,3.375,1
1833,5,4,5,4,4,4,4,5,35,4.375,1
1239,3,4,3,4,3,4,3,5,29,3.625,1
364,4,5,4,5,5,5,5,5,38,4.75,1
2381,4,4,4,5,5,4,3,5,34,4.25,0
2646,5,4,5,5,5,5,4,5,38,4.75,1
246,3,3,3,4,3,3,3,5,27,3.375,1
287,5,5,4,5,5,5,5,5,39,4.875,1
1944,4,3,3,2,3,2,3,4,24,3.0,1
1495,5,5,5,5,5,4,4,5,38,4.75,1
2701,5,4,5,5,5,5,4,5,38,4.75,0
2933,5,5,5,5,5,4,4,5,38,4.75,1
804,4,4,4,3,3,4,4,5,31,3.875,1
2672,4,3,4,4,3,4,4,5,31,3.875,0
2810,4,4,3,4,3,4,3,4,29,3.625,0
58,4,3,3,3,3,3,3,5,27,3.375,1
728,4,5,4,5,5,5,5,5,38,4.75,1
2288,5,5,5,5,5,5,3,5,38,4.75,1
1939,4,4,5,4,4,4,3,5,33,4.125,0
2604,3,4,4,4,3,4,3,5,30,3.75,1
875,3,4,3,4,3,4,3,5,29,3.625,1
2569,5,5,5,5,5,4,4,5,38,4.75,1
1037,5,3,5,4,5,5,3,5,35,4.375,1
2301,4,3,4,4,4,3,3,5,30,3.75,1
2178,4,3,3,2,3,3,2,5,25,3.125,0
1664,5,5,4,5,5,4,4,5,37,4.625,0
1596,4,4,3,4,4,4,4,5,32,4.0,0
1485,5,5,5,5,5,5,4,5,39,4.875,1
2154,4,4,4,4,3,3,3,5,30,3.75,0
2829,5,4,5,5,5,5,4,5,38,4.75,1
989,4,3,4,3,4,3,3,4,28,3.5,1
68,4,4,4,4,4,4,4,4,32,4.0,1
2414,4,4,4,4,4,4,4,5,33,4.125,1
2013,5,4,4,4,4,4,4,3,32,4.0,1
890,4,3,4,4,4,3,3,5,30,3.75,1
2710,4,4,4,3,3,4,3,5,30,3.75,1
1140,5,5,5,5,5,4,4,3,36,4.5,1
1703,4,3,3,3,4,3,4,5,29,3.625,0
1999,5,3,3,4,3,3,3,5,29,3.625,1
2339,4,3,3,3,3,3,3,5,27,3.375,1
1844,4,3,4,4,3,3,3,3,27,3.375,0
549,3,3,3,2,3,3,3,5,25,3.125,0
2276,5,4,4,4,4,4,3,5,33,4.125,1
2098,5,4,3,3,3,4,4,5,31,3.875,0
2286,5,3,5,4,4,4,3,4,32,4.0,0
950,5,5,5,5,5,4,4,5,38,4.75,1
2770,4,3,3,3,3,3,3,5,27,3.375,1
2745,4,4,4,5,5,4,3,5,34,4.25,0
1916,4,4,4,4,4,4,4,5,33,4.125,0
300,5,3,5,4,4,3,3,5,32,4.0,1
1290,5,3,3,3,3,3,3,4,27,3.375,0
180,4,4,4,3,3,4,3,5,30,3.75,1
1371,2,2,3,3,3,3,3,5,24,3.0,0
1200,5,4,4,4,4,4,3,3,31,3.875,0
344,4,3,4,4,4,3,3,5,30,3.75,1
1424,4,3,2,4,3,4,3,5,28,3.5,0
417,5,4,5,5,4,4,4,3,34,4.25,1
396,5,5,4,5,5,4,4,5,37,4.625,0
680,3,3,4,4,4,3,3,4,28,3.5,0
1012,4,4,4,4,3,4,3,5,31,3.875,0
1516,3,3,3,4,3,3,3,5,27,3.375,1
2336,4,4,4,4,3,3,3,5,30,3.75,0
2976,5,3,3,4,3,3,3,4,28,3.5,0
928,4,4,4,5,5,4,4,5,35,4.375,0
1970,4,5,3,5,5,5,3,5,35,4.375,1
2159,5,4,4,4,4,4,4,5,34,4.25,1
1467,3,4,4,4,3,4,4,5,31,3.875,1
759,4,3,4,4,3,3,3,3,27,3.375,0
1189,2,2,3,3,3,3,3,5,24,3.0,0
720,4,5,4,4,4,4,4,5,34,4.25,0
2740,5,4,4,4,4,5,4,5,35,4.375,1
2306,4,4,3,4,4,4,4,5,32,4.0,0
652,4,4,4,4,4,4,4,5,33,4.125,1
757,5,5,5,5,5,5,4,5,39,4.875,1
2589,4,4,4,4,5,4,4,5,34,4.25,0
2675,3,3,3,3,4,3,3,3,25,3.125,1
1265,4,3,3,3,3,3,3,5,27,3.375,1
106,4,4,4,4,4,4,4,5,33,4.125,1
1145,5,4,5,5,4,4,4,3,34,4.25,1
879,5,5,5,4,5,4,5,5,38,4.75,0
860,5,5,5,5,5,5,4,5,39,4.875,0
1114,5,4,5,5,5,5,4,5,38,4.75,1
2849,4,4,5,5,4,5,5,5,37,4.625,0
1068,4,5,5,3,3,5,3,5,33,4.125,0
597,5,4,5,5,5,4,4,5,37,4.625,1
1102,5,5,5,5,5,5,4,5,39,4.875,0
723,4,4,4,4,5,5,5,3,34,4.25,1
2164,4,4,4,3,3,4,3,5,30,3.75,1
2406,4,3,3,3,3,3,3,5,27,3.375,1
2250,3,4,4,4,4,4,4,5,32,4.0,1
610,3,3,3,4,3,3,3,5,27,3.375,1
567,5,4,4,4,4,4,4,3,32,4.0,1
769,5,4,5,5,5,4,4,3,35,4.375,1
2357,4,4,3,4,3,4,4,5,31,3.875,1
717,5,4,5,5,5,5,4,5,38,4.75,0
2095,5,4,4,4,4,4,3,5,33,4.125,1
1269,4,4,4,4,5,5,5,3,34,4.25,1
1555,4,4,4,3,3,4,3,5,30,3.75,1
977,4,5,5,5,5,5,5,5,39,4.875,1
1777,3,3,4,3,4,3,3,3,26,3.25,1
2174,4,4,4,4,4,4,4,5,33,4.125,1
1441,4,3,3,3,3,3,3,5,27,3.375,1
2344,4,3,3,4,3,3,3,5,28,3.5,0
141,4,3,4,4,4,3,3,4,29,3.625,0
2840,5,3,3,3,3,3,2,5,27,3.375,1
2638,5,4,4,4,4,4,3,3,31,3.875,0
2624,3,3,3,3,3,3,3,5,26,3.25,0
2429,4,4,4,4,3,3,3,5,30,3.75,1
2067,5,4,4,4,4,4,4,5,34,4.25,1
351,4,4,4,4,4,4,4,4,32,4.0,1
1064,4,3,3,4,3,3,3,3,26,3.25,1
799,4,4,4,4,4,4,4,5,33,4.125,0
1996,4,4,3,3,4,4,3,5,30,3.75,1
2314,4,4,4,3,4,4,3,4,30,3.75,0
2138,4,3,3,4,3,3,3,3,26,3.25,1
2804,4,3,3,3,3,3,2,5,26,3.25,1
185,3,3,3,2,3,3,3,5,25,3.125,0
2304,4,5,5,5,5,4,5,5,38,4.75,1
577,4,3,4,4,3,3,3,3,27,3.375,0
2076,3,4,4,4,4,4,4,5,32,4.0,1
2616,4,4,4,3,4,4,3,5,31,3.875,0
1214,5,5,5,5,5,5,3,5,38,4.75,1
2403,4,4,4,4,3,4,4,5,32,4.0,0
940,4,3,4,4,3,4,3,5,30,3.75,0
1521,5,5,3,5,3,5,5,5,36,4.5,1
1988,4,3,4,4,4,3,3,5,30,3.75,0
503,4,5,5,5,5,4,5,5,38,4.75,1
1377,4,4,4,4,4,4,4,5,33,4.125,0
949,5,5,5,5,5,4,4,5,38,4.75,1
760,5,5,4,5,5,4,4,5,37,4.625,0
2334,5,4,4,4,4,4,4,5,34,4.25,1
1995,3,3,3,2,3,3,3,5,25,3.125,0
259,3,4,4,3,4,4,3,5,30,3.75,0
1138,5,3,3,3,4,3,3,3,27,3.375,0
2298,5,5,5,5,5,5,4,5,39,4.875,0
2615,4,5,4,5,4,4,4,5,35,4.375,1
172,3,4,3,3,3,3,3,5,27,3.375,0
1301,5,5,5,5,5,4,4,3,36,4.5,1
1666,5,4,5,5,5,5,5,5,39,4.875,1
285,4,4,4,4,4,4,4,5,33,4.125,0
569,4,3,3,3,5,3,3,3,27,3.375,0
704,4,5,5,3,3,5,3,5,33,4.125,0
325,3,3,4,4,4,4,4,5,31,3.875,0
27,5,5,5,5,5,4,4,3,36,4.5,1
987,3,4,4,3,4,4,3,5,30,3.75,0
1803,3,4,3,3,3,3,3,5,27,3.375,0
2544,4,4,3,4,4,4,3,5,31,3.875,0
1531,5,4,4,4,4,4,4,5,34,4.25,1
2337,5,4,5,5,5,5,4,5,38,4.75,0
1172,4,4,3,4,3,4,3,5,30,3.75,0
822,3,3,3,3,3,3,3,5,26,3.25,0
2730,4,4,4,5,5,4,4,5,35,4.375,0
765,5,5,4,5,4,5,5,5,38,4.75,1
2292,4,4,5,4,4,4,3,5,33,4.125,0
120,5,3,5,4,4,4,3,4,32,4.0,0
1588,5,5,5,5,5,5,4,5,39,4.875,0
2643,4,3,4,4,4,3,3,4,29,3.625,1
2721,4,4,3,4,3,4,4,5,31,3.875,1
1170,4,3,2,3,2,2,3,5,24,3.0,1
1649,3,4,4,4,3,4,4,5,31,3.875,1
262,4,4,3,4,3,4,3,5,30,3.75,0
1565,5,5,4,4,5,4,5,3,35,4.375,0
1176,3,4,4,4,4,4,4,5,32,4.0,1
718,3,4,3,3,3,3,3,5,27,3.375,0
1226,3,3,4,4,4,3,3,4,28,3.5,0
221,5,5,5,5,5,4,4,5,38,4.75,1
640,3,3,3,3,3,3,3,5,26,3.25,0
151,5,5,5,4,5,4,5,5,38,4.75,0
1428,4,3,3,4,3,3,3,3,26,3.25,1
1572,5,4,5,5,5,5,4,5,38,4.75,1
1953,4,4,3,4,4,4,4,5,32,4.0,0
1496,5,5,5,5,5,4,4,5,38,4.75,1
2126,4,3,4,4,3,4,4,5,31,3.875,0
1804,4,3,3,3,3,3,3,5,27,3.375,1
2631,5,4,4,4,4,3,3,5,32,4.0,0
2139,5,4,3,3,3,3,2,3,26,3.25,0
1050,4,4,3,4,4,4,4,5,32,4.0,0
409,5,3,4,4,3,4,3,5,31,3.875,0
1478,5,4,5,5,5,5,4,5,38,4.75,1
1338,3,3,3,4,3,3,3,5,27,3.375,1
333,5,5,5,4,5,4,5,5,38,4.75,0
1197,5,5,4,5,5,5,5,5,39,4.875,1
965,4,4,4,4,3,4,4,5,32,4.0,0
1712,4,4,4,4,3,3,3,5,30,3.75,1
2549,4,3,3,4,5,4,3,5,31,3.875,0
1945,5,5,5,5,5,5,4,5,39,4.875,0
800,4,3,3,3,4,3,4,5,29,3.625,0
1659,5,5,5,5,5,4,4,3,36,4.5,1
1768,4,4,5,5,4,5,5,5,37,4.625,0
2526,4,3,3,4,3,3,3,5,28,3.5,0
198,5,3,3,3,3,3,3,4,27,3.375,0
469,5,5,4,5,5,5,5,5,39,4.875,1
2151,4,3,3,3,3,3,3,5,27,3.375,1
2517,4,4,4,4,4,4,4,4,32,4.0,1
2685,5,4,3,3,3,3,2,3,26,3.25,0
2663,4,3,4,3,4,3,4,5,30,3.75,0
255,4,4,4,4,3,4,3,4,30,3.75,1
10,5,5,5,5,5,5,4,5,39,4.875,0
1581,4,4,4,4,4,4,3,5,32,4.0,0
2222,5,4,5,5,5,4,4,4,36,4.5,1
655,5,5,4,4,5,4,5,3,35,4.375,0
1744,4,3,4,4,4,3,3,4,29,3.625,1
481,5,4,5,5,5,5,4,5,38,4.75,1
158,4,5,5,3,3,5,3,5,33,4.125,0
1693,4,4,4,3,4,4,3,4,30,3.75,0
897,4,4,4,4,4,4,4,4,32,4.0,1
871,3,3,4,4,4,4,4,5,31,3.875,0
2463,5,5,5,5,5,5,5,5,40,5.0,1
2287,5,5,5,5,5,4,3,4,36,4.5,1
1227,4,3,4,4,4,3,3,5,30,3.75,1
1892,4,3,4,3,4,3,3,4,28,3.5,1
1943,4,3,4,4,4,3,3,3,28,3.5,1
1512,5,4,5,5,5,4,4,4,36,4.5,1
1631,5,4,4,4,4,4,4,5,34,4.25,1
332,4,3,2,4,3,4,3,5,28,3.5,0
770,5,4,5,5,5,4,4,5,37,4.625,1
1029,5,4,5,5,5,4,4,4,36,4.5,1
449,4,5,4,5,4,4,4,5,35,4.375,1
1606,4,3,2,4,3,4,3,5,28,3.5,0
38,4,4,3,3,3,4,4,3,28,3.5,0
1471,3,3,3,3,3,3,3,4,25,3.125,0
2343,4,4,4,4,5,5,5,3,34,4.25,1
154,4,3,3,4,3,3,3,3,26,3.25,1
450,4,4,4,3,4,4,3,5,31,3.875,0
142,4,3,4,4,3,4,4,5,31,3.875,0
2753,5,4,5,5,5,4,4,3,35,4.375,1
1560,4,5,4,4,4,4,4,5,34,4.25,0
1793,4,3,4,4,4,3,3,5,30,3.75,1
301,5,4,5,5,5,4,4,4,36,4.5,1
929,4,3,3,4,5,4,3,5,31,3.875,0
1926,4,3,4,4,4,3,3,4,29,3.625,1
2762,5,5,5,5,5,5,4,5,39,4.875,1
336,4,3,3,4,3,3,3,3,26,3.25,1
1842,5,5,5,5,5,5,4,5,39,4.875,1
1593,4,4,5,5,4,5,5,5,37,4.625,0
2884,3,4,3,3,3,3,3,5,27,3.375,0
774,5,3,3,3,4,3,3,3,27,3.375,0
2474,4,4,5,4,4,4,3,5,33,4.125,0
1061,5,5,5,4,5,4,5,5,38,4.75,0
1008,4,4,3,4,3,4,3,4,29,3.625,0
1517,4,4,4,3,3,3,3,5,29,3.625,1
1991,4,4,4,3,3,4,3,5,30,3.75,1
2130,3,3,4,3,4,3,3,3,26,3.25,1
471,5,4,4,4,4,4,3,4,32,4.0,0
2152,5,4,4,4,4,4,4,5,34,4.25,1
2949,4,4,4,4,3,4,4,5,32,4.0,0
887,4,5,3,5,5,5,3,5,35,4.375,1
2961,4,5,5,5,5,5,5,5,39,4.875,1
1674,5,4,5,5,5,4,4,5,37,4.625,1
2210,5,4,5,5,4,4,4,5,36,4.5,0
2926,5,5,4,5,5,4,4,5,37,4.625,0
1841,5,4,4,4,4,5,4,5,35,4.375,1
2847,4,3,4,4,4,3,3,5,30,3.75,1
646,4,4,5,4,4,4,4,5,34,4.25,0
1809,4,3,3,4,3,3,3,5,28,3.5,0
776,5,5,5,5,5,4,4,3,36,4.5,1
2590,3,3,3,4,3,3,3,5,27,3.375,1
130,4,3,4,4,4,3,3,3,28,3.5,1
2927,4,4,4,5,5,4,3,5,34,4.25,0
1907,3,3,3,3,3,3,3,5,26,3.25,0
2831,5,4,5,5,5,4,4,4,36,4.5,1
193,3,4,4,4,3,4,4,5,31,3.875,1
2155,5,4,5,5,5,5,4,5,38,4.75,0
2835,5,4,4,4,4,4,4,5,34,4.25,0
1193,5,4,4,4,4,3,3,5,32,4.0,0
955,5,3,4,4,3,4,3,5,31,3.875,0
2864,4,2,4,4,3,3,3,5,28,3.5,0
1129,5,5,4,5,4,5,5,5,38,4.75,1
1091,4,4,4,3,3,4,3,5,30,3.75,1
490,4,4,5,4,4,4,3,5,33,4.125,0
1158,4,4,4,4,4,4,4,5,33,4.125,1
1486,4,3,4,4,3,4,3,5,30,3.75,0
1678,5,3,3,3,4,3,3,3,27,3.375,0
2666,4,4,4,4,4,3,3,5,31,3.875,1
2395,5,4,5,5,5,4,4,5,37,4.625,1
753,5,5,4,4,5,5,4,3,35,4.375,1
791,4,4,4,4,4,4,4,4,32,4.0,1
491,5,3,5,4,5,5,3,5,35,4.375,1
763,5,3,3,4,5,3,3,3,29,3.625,1
1775,5,4,4,4,5,4,5,5,36,4.5,0
2658,5,3,3,3,3,3,2,5,27,3.375,1
2757,5,3,4,4,3,4,3,5,31,3.875,0
1352,4,3,2,3,2,2,3,5,24,3.0,1
736,4,4,4,4,4,4,4,5,33,4.125,1
473,5,5,4,4,5,4,5,3,35,4.375,0
2208,5,4,5,5,5,4,4,5,37,4.625,1
574,5,4,4,4,4,5,4,5,35,4.375,1
1057,3,4,3,4,3,4,3,5,29,3.625,1
1313,5,5,5,5,5,4,4,5,38,4.75,1
629,4,3,3,3,3,3,2,5,26,3.25,1
2232,4,4,4,4,4,4,4,5,33,4.125,1
133,4,3,4,3,4,3,4,5,30,3.75,0
1500,5,4,5,5,4,4,4,5,36,4.5,0
334,4,2,4,4,3,3,3,5,28,3.5,0
2790,4,3,2,3,2,2,3,5,24,3.0,1
432,4,4,4,4,4,4,4,4,32,4.0,1
1245,5,5,5,5,5,5,5,5,40,5.0,0
2177,3,4,4,4,3,4,4,5,31,3.875,1
2583,5,4,5,5,4,4,4,3,34,4.25,1
1039,4,3,4,3,4,3,4,4,29,3.625,1
2052,3,3,3,4,3,3,3,5,27,3.375,1
348,3,4,3,4,3,4,3,5,29,3.625,1
935,5,5,4,4,5,5,4,3,35,4.375,1
954,5,4,5,5,4,4,4,5,36,4.5,0
673,5,3,5,4,5,5,3,5,35,4.375,1
1062,4,2,4,4,3,3,3,5,28,3.5,0
969,4,4,4,4,5,4,4,5,34,4.25,0
1295,5,4,4,4,4,4,4,3,32,4.0,1
504,4,4,3,4,4,4,4,5,32,4.0,0
1244,4,2,4,4,3,3,3,5,28,3.5,0
2214,5,5,5,5,5,4,4,3,36,4.5,1
725,4,5,5,5,4,4,4,5,36,4.5,1
2131,3,4,3,4,3,4,3,5,29,3.625,1
2325,4,5,3,5,5,5,3,5,35,4.375,1
2269,4,4,4,4,4,4,4,5,33,4.125,0
459,4,3,4,3,3,3,3,5,28,3.5,1
662,5,4,5,5,5,5,4,5,38,4.75,1
1888,5,4,4,4,4,4,4,5,34,4.25,1
2056,3,3,3,4,3,3,3,5,27,3.375,1
2533,3,3,3,2,3,3,3,5,25,3.125,0
502,4,5,5,5,5,4,5,5,38,4.75,1
1201,5,5,4,4,5,4,5,3,35,4.375,0
637,4,4,4,4,4,4,4,5,33,4.125,0
1838,5,5,4,4,5,5,4,3,35,4.375,1
1927,5,4,3,3,3,4,4,5,31,3.875,0
1429,5,4,3,3,3,3,2,3,26,3.25,0
2947,5,4,5,5,4,4,4,3,34,4.25,1
411,5,4,5,5,5,4,4,5,37,4.625,1
2471,5,4,4,4,4,4,4,5,34,4.25,0
1355,4,4,4,4,3,3,3,5,30,3.75,1
1465,4,4,3,4,3,4,4,5,31,3.875,1
2264,4,4,3,4,3,4,3,4,29,3.625,0
132,5,5,5,5,5,5,4,5,39,4.875,0
1382,5,4,4,4,4,4,3,3,31,3.875,0
366,4,3,3,3,3,3,2,5,26,3.25,0
1764,4,3,4,3,4,3,4,5,30,3.75,0
1598,4,3,4,4,3,4,4,5,31,3.875,0
1448,4,5,4,4,4,4,4,5,34,4.25,0
2634,4,5,4,4,4,4,4,5,34,4.25,0
843,5,5,5,5,5,5,5,5,40,5.0,1
183,4,4,4,4,4,4,3,5,32,4.0,1
558,4,3,3,2,3,3,2,5,25,3.125,0
796,4,4,4,4,4,4,4,4,32,4.0,1
2853,4,3,4,4,4,3,3,4,29,3.625,0
2553,4,3,3,3,5,3,3,3,27,3.375,0
1396,5,5,5,5,5,5,3,5,38,4.75,1
862,3,3,4,4,4,3,3,4,28,3.5,0
2021,5,5,5,5,5,5,4,5,39,4.875,1
254,4,3,3,3,4,3,4,5,29,3.625,0
1990,4,4,4,3,3,4,3,5,30,3.75,1
563,4,4,4,4,4,4,4,5,33,4.125,0
295,4,3,4,4,4,3,3,4,29,3.625,1
1856,4,3,4,3,4,3,3,5,29,3.625,0
1490,5,4,5,5,5,5,5,5,39,4.875,1
2144,3,5,5,3,5,5,3,5,34,4.25,1
51,5,4,5,5,5,4,4,5,37,4.625,1
1549,5,4,4,4,4,4,4,4,33,4.125,1
1372,4,4,3,4,3,4,3,4,29,3.625,0
361,4,5,5,5,4,4,4,5,36,4.5,1
2807,4,3,4,3,3,3,3,5,28,3.5,1
1028,5,3,5,4,4,3,3,5,32,4.0,1
330,4,4,4,3,4,4,3,4,30,3.75,0
840,5,5,4,4,5,4,4,5,36,4.5,1
342,3,5,5,3,5,5,3,5,34,4.25,1
2821,5,5,4,4,5,4,5,3,35,4.375,0
2954,3,3,3,4,3,3,3,5,27,3.375,1
369,4,4,3,3,3,3,3,5,28,3.5,1
518,4,3,3,4,3,3,3,3,26,3.25,1
676,4,3,4,4,4,3,3,3,28,3.5,1
2348,4,5,4,5,5,5,5,5,38,4.75,1
2940,5,3,3,3,4,3,3,3,27,3.375,0
1654,5,3,3,3,3,3,3,4,27,3.375,0
413,5,4,5,5,5,4,4,5,37,4.625,1
1219,5,3,5,4,5,5,3,5,35,4.375,1
1454,4,4,4,3,3,4,3,5,30,3.75,1
2456,5,4,4,4,4,4,3,3,31,3.875,0
1642,4,4,3,3,4,4,3,5,30,3.75,1
1553,2,2,3,3,3,3,3,5,24,3.0,0
2303,4,4,5,5,4,5,5,5,37,4.625,0
2153,4,4,4,4,4,4,4,4,32,4.0,1
2775,4,4,4,4,4,4,4,4,32,4.0,1
387,4,3,3,3,5,3,3,3,27,3.375,0
160,3,5,5,3,5,5,3,5,34,4.25,1
2466,5,3,5,4,4,3,3,5,32,4.0,1
1493,5,5,4,5,4,5,5,5,38,4.75,1
1283,4,4,3,4,3,4,4,5,31,3.875,1
1220,5,3,3,3,3,3,2,5,27,3.375,1
1753,5,5,5,5,5,5,3,5,38,4.75,1
2400,5,5,5,5,5,5,4,5,39,4.875,1
1243,5,5,5,4,5,4,5,5,38,4.75,0
2812,4,4,5,4,4,4,4,5,34,4.25,0
878,4,3,2,4,3,4,3,5,28,3.5,0
346,3,2,3,3,3,3,3,5,25,3.125,0
1255,4,3,4,2,2,2,2,5,24,3.0,0
1063,5,5,5,5,5,5,5,5,40,5.0,0
1401,5,3,5,4,5,5,3,5,35,4.375,1
1870,4,5,4,4,4,5,4,5,35,4.375,1
75,5,4,4,4,4,4,4,5,34,4.25,1
452,5,5,5,5,5,5,4,5,39,4.875,1
867,4,5,5,5,5,4,5,5,38,4.75,1
669,5,4,4,4,4,4,4,5,34,4.25,0
880,4,2,4,4,3,3,3,5,28,3.5,0
2125,4,3,4,4,4,3,3,4,29,3.625,0
2581,5,4,5,5,5,4,4,5,37,4.625,1
1780,5,4,4,3,3,4,4,4,31,3.875,0
1350,4,4,4,3,3,4,4,5,31,3.875,1
2500,4,2,4,4,3,3,3,5,28,3.5,0
2036,5,4,5,5,4,4,4,5,36,4.5,0
2700,4,4,4,4,3,3,3,5,30,3.75,0
2668,4,5,5,5,5,4,5,5,38,4.75,1
435,4,4,4,4,4,4,4,5,33,4.125,0
2592,4,4,4,3,4,3,3,4,29,3.625,0
1446,3,4,3,3,3,3,3,5,27,3.375,0
1948,4,3,4,4,4,3,3,5,30,3.75,1
1404,4,3,4,4,4,3,3,3,28,3.5,1
1299,5,5,4,4,5,5,4,3,35,4.375,1
2386,4,4,3,3,3,4,4,3,28,3.5,0
1458,4,3,3,3,3,3,2,5,26,3.25,0
2575,5,3,4,4,3,4,3,5,31,3.875,0
2846,3,3,4,4,4,3,3,4,28,3.5,0
2655,4,4,4,4,4,4,3,5,32,4.0,0
2758,5,3,3,3,4,3,3,3,27,3.375,0
1714,4,3,3,3,3,3,2,5,26,3.25,1
1799,5,4,4,4,4,4,4,5,34,4.25,1
2661,4,3,3,2,3,2,3,4,24,3.0,1
2422,3,4,4,4,3,4,3,5,30,3.75,1
1600,5,4,4,4,5,4,5,5,36,4.5,0
700,4,3,3,4,3,3,3,3,26,3.25,1
1072,4,3,4,4,4,3,3,5,30,3.75,1
1354,4,4,3,4,3,4,3,5,30,3.75,0
2964,3,4,3,4,3,4,3,5,29,3.625,1
1722,4,4,4,4,4,4,4,5,33,4.125,0
1627,5,4,5,5,5,5,4,5,38,4.75,0
817,3,3,3,3,3,2,2,4,23,2.875,1
1328,5,3,4,4,4,4,3,5,32,4.0,0
1052,4,3,4,4,3,4,4,5,31,3.875,0
1115,4,3,3,3,5,3,3,3,27,3.375,0
2509,3,3,3,3,3,3,3,5,26,3.25,1
2272,4,4,4,4,4,4,4,5,33,4.125,1
1626,4,4,4,4,3,3,3,5,30,3.75,0
1406,5,5,5,5,5,5,4,5,39,4.875,0
2715,3,3,3,2,3,3,3,5,25,3.125,0
165,5,5,4,5,4,5,4,5,37,4.625,0
1367,5,4,4,4,4,4,4,4,33,4.125,1
1468,4,3,3,2,3,3,2,5,25,3.125,0
633,4,4,4,4,3,4,4,5,32,4.0,1
2480,5,5,5,5,5,5,4,5,39,4.875,0
2832,5,3,5,4,4,4,3,4,32,4.0,0
970,3,3,3,4,3,3,3,5,27,3.375,1
2649,5,4,5,5,5,4,4,4,36,4.5,1
2092,4,4,5,4,4,4,4,5,34,4.25,0
2588,4,3,3,3,3,3,3,5,27,3.375,1
1520,3,3,3,4,3,3,3,5,27,3.375,1
2491,3,3,4,4,4,4,4,5,31,3.875,0
1541,4,5,4,5,4,4,4,5,35,4.375,1
2073,4,4,4,4,3,3,3,5,30,3.75,1
2690,3,5,5,3,5,5,3,5,34,4.25,1
136,4,4,4,4,4,3,3,5,31,3.875,1
1965,4,3,3,4,3,3,3,3,26,3.25,1
2977,4,3,3,3,3,3,2,5,26,3.25,1
1394,5,3,5,4,4,4,3,4,32,4.0,0
2750,4,4,3,3,3,4,4,3,28,3.5,0
699,5,5,5,5,5,5,5,5,40,5.0,0
2311,3,3,3,3,4,3,3,3,25,3.125,1
1514,4,3,3,3,3,3,3,5,27,3.375,1
209,5,5,5,5,5,4,4,3,36,4.5,1
421,4,5,4,4,4,5,4,5,35,4.375,1
781,5,4,5,5,4,4,4,3,34,4.25,1
1812,4,4,4,3,3,4,3,5,30,3.75,1
586,5,5,5,5,5,4,4,5,38,4.75,1
1921,5,4,4,4,4,4,3,3,31,3.875,0
604,4,3,3,3,3,3,3,5,27,3.375,1
313,4,3,3,2,3,2,3,4,24,3.0,1
215,4,4,4,5,5,4,3,5,34,4.25,0
273,4,4,4,4,4,4,4,5,33,4.125,0
2029,5,5,4,5,4,5,5,5,38,4.75,1
2571,5,4,5,5,5,4,4,3,35,4.375,1
2772,3,3,3,4,3,3,3,5,27,3.375,1
1466,5,5,5,5,5,5,4,5,39,4.875,0
985,5,4,4,4,4,4,4,5,34,4.25,1
162,4,3,4,4,4,3,3,5,30,3.75,1
205,4,3,3,3,5,3,3,3,27,3.375,0
1121,5,5,5,5,5,5,4,5,39,4.875,1
1778,3,4,3,4,3,4,3,5,29,3.625,1
917,5,3,3,4,3,3,3,5,29,3.625,1
1311,5,5,4,5,4,5,5,5,38,4.75,1
192,5,5,5,5,5,5,4,5,39,4.875,0
2383,5,3,3,4,5,3,3,3,29,3.625,1
1474,4,4,4,5,5,4,4,5,35,4.375,0
1436,4,3,4,4,4,3,3,5,30,3.75,1
1142,5,5,5,5,5,5,4,5,39,4.875,1
2452,4,5,4,4,4,4,4,5,34,4.25,0
2869,4,5,5,5,5,5,5,3,37,4.625,0
1746,5,5,5,5,5,5,5,5,40,5.0,1
742,4,4,3,4,4,4,3,5,31,3.875,0
1447,4,3,3,3,3,3,3,5,27,3.375,1
2969,5,4,4,4,4,4,4,5,34,4.25,1
2201,5,3,3,4,5,3,3,3,29,3.625,1
1754,5,4,4,4,4,4,4,5,34,4.25,0
2373,5,5,4,4,5,5,4,3,35,4.375,1
2461,4,3,4,4,4,3,3,4,29,3.625,1
1750,5,4,5,5,5,4,4,4,36,4.5,1
2057,5,5,3,5,3,5,5,5,36,4.5,1
1461,4,4,3,3,3,3,3,5,28,3.5,1
2887,5,4,4,4,4,4,4,5,34,4.25,1
666,5,3,5,4,4,4,3,4,32,4.0,0
250,4,4,4,4,4,4,4,4,32,4.0,1
1635,4,5,5,5,4,4,4,5,36,4.5,1
275,5,4,4,4,4,4,4,4,33,4.125,1
1386,5,5,4,4,5,4,4,5,36,4.5,1
239,4,5,4,4,4,5,4,5,35,4.375,1
2532,4,3,3,3,3,3,2,5,26,3.25,0
877,5,4,4,3,3,4,4,4,31,3.875,0
1420,3,3,4,3,4,3,3,3,26,3.25,1
1625,4,4,4,4,4,4,4,4,32,4.0,1
1592,4,4,4,4,4,3,3,5,31,3.875,1
127,5,3,5,4,5,5,3,5,35,4.375,1
1738,5,4,4,4,4,4,3,4,32,4.0,0
2404,5,4,5,5,5,4,4,4,36,4.5,1
546,4,5,4,5,5,5,5,5,38,4.75,1
1765,3,3,4,4,4,3,3,4,28,3.5,0
2606,4,4,4,3,3,4,4,5,31,3.875,1
1934,5,5,5,5,5,4,3,4,36,4.5,1
32,5,5,4,5,5,4,4,5,37,4.625,0
123,5,4,4,4,4,4,4,5,34,4.25,0
685,4,5,5,5,5,4,5,5,38,4.75,1
1263,5,4,5,5,5,5,4,5,38,4.75,0
2227,4,4,4,3,3,3,3,5,29,3.625,1
1253,3,3,3,3,3,3,3,5,26,3.25,1
2760,5,5,5,5,5,4,4,3,36,4.5,1
997,4,4,4,4,3,4,4,5,32,4.0,1
1501,5,3,4,4,3,4,3,5,31,3.875,0
1013,4,4,4,4,4,4,4,5,33,4.125,0
1224,5,5,5,5,5,5,4,5,39,4.875,0
1548,4,3,3,3,3,3,2,5,26,3.25,1
687,4,3,4,4,4,3,3,4,29,3.625,0
2558,5,4,4,4,4,5,4,5,35,4.375,1
2182,5,3,3,3,3,3,3,4,27,3.375,0
2738,4,4,4,4,3,3,3,3,28,3.5,0
2512,3,2,3,3,3,3,3,5,25,3.125,0
561,3,3,3,3,3,3,3,4,25,3.125,0
2084,4,3,3,3,3,3,2,5,26,3.25,1
2695,5,5,4,5,4,5,4,5,37,4.625,0
2233,4,5,5,5,5,5,5,5,39,4.875,1
1825,4,3,3,2,3,3,2,5,25,3.125,0
1608,4,2,4,4,3,3,3,5,28,3.5,0
1910,2,2,3,3,3,3,3,5,24,3.0,0
2097,4,3,4,4,4,3,3,4,29,3.625,1
1150,4,3,3,3,3,3,3,5,27,3.375,1
489,4,4,4,4,4,4,3,5,32,4.0,0
2293,5,3,5,4,5,5,3,5,35,4.375,1
1690,4,4,4,4,5,4,4,5,34,4.25,0
2261,4,3,4,3,3,3,3,5,28,3.5,1
62,4,4,4,3,4,3,3,4,29,3.625,0
952,5,4,5,5,5,4,4,5,37,4.625,1
1182,4,4,4,4,4,4,3,5,32,4.0,0
269,4,4,4,4,3,4,4,5,32,4.0,1
2194,5,4,4,4,4,5,4,5,35,4.375,1
590,5,4,5,5,4,4,4,5,36,4.5,0
2596,4,4,4,4,4,4,4,5,33,4.125,1
1433,4,5,3,5,5,5,3,5,35,4.375,1
383,4,3,3,4,5,4,3,5,31,3.875,0
2431,4,3,3,3,3,3,2,5,26,3.25,1
1053,3,3,4,4,4,4,4,5,31,3.875,0
2683,5,5,5,5,5,5,5,5,40,5.0,0
1017,5,4,4,4,4,4,3,4,32,4.0,0
2820,5,4,4,4,4,4,3,3,31,3.875,0
515,5,5,5,4,5,4,5,5,38,4.75,0
1748,5,4,5,5,5,5,4,5,38,4.75,1
1683,5,4,5,5,5,4,4,5,37,4.625,1
516,4,2,4,4,3,3,3,5,28,3.5,0
1686,5,3,4,4,4,4,3,5,32,4.0,0
2957,4,4,4,4,4,4,4,4,32,4.0,1
2582,5,5,5,5,5,5,4,5,39,4.875,1
2215,5,4,5,5,5,4,4,5,37,4.625,1
1083,4,3,3,3,3,3,3,5,27,3.375,1
124,4,3,4,4,4,3,3,5,30,3.75,0
439,5,4,4,4,4,4,4,5,34,4.25,1
657,5,4,4,4,4,4,3,5,33,4.125,1
260,4,3,2,3,2,2,3,5,24,3.0,1
807,4,3,4,3,4,3,3,4,28,3.5,1
1558,4,4,4,4,3,4,3,5,31,3.875,0
2902,4,4,4,4,4,4,4,5,33,4.125,1
232,5,5,5,5,5,5,4,5,39,4.875,1
1088,4,3,3,4,3,3,3,5,28,3.5,0
1494,4,4,3,3,3,4,4,3,28,3.5,0
2893,4,4,4,3,3,4,3,5,30,3.75,1
1331,4,5,4,4,4,5,4,5,35,4.375,1
2777,5,5,3,5,3,5,5,5,36,4.5,1
2313,3,4,3,4,3,4,3,5,29,3.625,1
1374,4,4,5,4,4,4,4,5,34,4.25,0
1456,4,5,4,5,5,5,5,5,38,4.75,1
813,4,5,4,5,4,4,4,5,35,4.375,1
1873,3,3,3,4,3,3,3,5,27,3.375,1
1937,4,3,4,4,4,3,3,5,30,3.75,0
980,3,4,3,4,3,4,3,5,29,3.625,1
1504,5,5,5,5,5,4,4,3,36,4.5,1
1727,4,3,4,3,3,3,2,5,27,3.375,1
1904,4,4,4,4,4,4,4,5,33,4.125,0
1890,3,4,4,3,4,4,3,5,30,3.75,0
195,3,3,3,3,3,2,2,4,23,2.875,0
1006,4,3,4,3,3,3,2,5,27,3.375,1
513,5,4,4,3,3,4,4,4,31,3.875,0
962,5,5,5,5,5,5,4,5,39,4.875,1
2467,5,4,5,5,5,4,4,4,36,4.5,1
1147,4,4,4,4,3,4,4,5,32,4.0,0
2047,4,4,4,4,3,4,4,5,32,4.0,0
986,4,4,4,3,3,4,4,5,31,3.875,1
2443,4,3,4,3,3,3,3,5,28,3.5,1
2539,4,4,3,4,3,4,4,5,31,3.875,1
844,5,4,5,5,5,5,4,5,38,4.75,1
1402,5,3,3,3,3,3,2,5,27,3.375,1
1509,5,4,5,5,4,4,4,3,34,4.25,1
1373,4,4,4,3,3,4,3,5,30,3.75,1
91,4,4,4,4,4,4,4,5,33,4.125,0
1617,3,3,3,3,3,3,3,5,26,3.25,1
959,5,4,5,5,5,4,4,5,37,4.625,1
2042,5,5,5,5,5,5,4,5,39,4.875,1
2632,4,4,4,4,3,4,3,5,31,3.875,0
149,5,4,4,3,3,4,4,4,31,3.875,0
1862,5,4,5,5,5,4,4,5,37,4.625,1
2529,4,4,4,3,3,4,3,5,30,3.75,1
2119,4,3,4,4,4,3,3,5,30,3.75,1
2895,4,4,4,4,4,4,3,5,32,4.0,1
1156,3,3,3,4,3,3,3,5,27,3.375,1
1288,4,4,3,4,4,4,3,5,31,3.875,0
508,5,4,4,4,5,4,5,5,36,4.5,0
525,3,3,3,3,3,3,3,5,26,3.25,1
838,5,4,4,4,4,4,3,5,33,4.125,1
1109,4,4,4,4,4,4,4,5,33,4.125,0
1196,4,5,4,4,4,4,4,5,34,4.25,0
2160,5,5,4,5,4,4,5,4,36,4.5,1
1724,5,4,4,4,4,4,4,4,33,4.125,1
2318,4,2,4,4,3,3,3,5,28,3.5,0
2808,4,3,4,3,3,3,2,5,27,3.375,1
938,5,4,4,4,4,5,4,5,35,4.375,1
1882,4,3,3,3,3,3,3,5,27,3.375,1
1199,5,4,4,4,4,4,3,4,32,4.0,0
1457,4,4,4,4,4,4,3,5,32,4.0,1
2618,5,5,5,5,5,5,4,5,39,4.875,1
1580,4,3,4,4,4,3,3,5,30,3.75,0
1303,5,5,5,5,5,5,4,5,39,4.875,1
1388,5,4,3,3,3,4,4,5,31,3.875,0
1923,5,4,4,4,4,4,3,5,33,4.125,1
2867,5,4,3,3,3,3,2,3,26,3.25,0
1019,5,5,4,4,5,4,5,3,35,4.375,0
1422,4,4,4,3,4,4,3,4,30,3.75,0
1824,3,4,4,4,3,4,4,5,31,3.875,1
2033,5,4,5,5,5,4,4,3,35,4.375,1
2030,4,4,3,3,3,4,4,3,28,3.5,0
2078,4,4,4,3,4,4,3,5,31,3.875,0
714,5,4,4,4,4,4,4,5,34,4.25,1
2122,4,5,5,5,5,4,5,5,38,4.75,1
1534,4,3,2,3,2,2,3,5,24,3.0,1
1451,4,4,4,4,5,5,5,3,34,4.25,1
1281,5,3,3,4,3,3,3,5,29,3.625,1
1400,4,4,5,4,4,4,3,5,33,4.125,0
2510,4,3,4,4,4,3,3,5,30,3.75,1
445,4,4,4,4,3,3,3,5,30,3.75,1
1198,4,4,4,4,4,4,4,5,33,4.125,1
2527,4,5,5,5,4,4,4,5,36,4.5,1
181,4,4,4,3,3,4,3,5,30,3.75,1
743,3,3,3,3,3,3,3,4,25,3.125,0
1442,5,4,4,4,4,4,4,5,34,4.25,1
1237,3,3,3,3,4,3,3,3,25,3.125,1
615,4,3,3,3,3,3,3,5,27,3.375,1
2393,5,3,4,4,3,4,3,5,31,3.875,0
1817,4,4,3,3,4,4,3,5,30,3.75,1
2066,3,4,4,4,3,4,3,5,30,3.75,1
416,5,5,5,5,5,5,4,5,39,4.875,1
2477,4,3,4,3,4,3,4,4,29,3.625,1
433,4,3,3,3,3,3,3,5,27,3.375,1
2885,4,3,3,3,3,3,3,5,27,3.375,1
1602,3,3,4,3,4,3,3,3,26,3.25,1
1207,5,5,5,5,5,5,5,5,40,5.0,1
1395,5,5,5,5,5,4,3,4,36,4.5,1
72,4,3,3,3,4,3,4,5,29,3.625,0
1379,5,5,4,5,5,5,5,5,39,4.875,1
406,5,4,5,5,5,4,4,5,37,4.625,1
1896,4,3,3,3,3,3,2,5,26,3.25,1
426,4,4,4,3,4,3,3,4,29,3.625,0
1410,4,4,4,4,4,3,3,5,31,3.875,1
994,3,4,4,4,4,4,4,5,32,4.0,1
768,5,5,5,5,5,4,4,5,38,4.75,1
1107,3,3,3,3,3,3,3,4,25,3.125,0
1840,5,5,5,5,5,4,4,3,36,4.5,1
1058,4,4,4,3,4,4,3,4,30,3.75,0
2686,5,5,5,5,5,4,5,5,39,4.875,1
837,5,5,4,4,5,4,5,3,35,4.375,0
993,4,3,3,3,3,3,2,5,26,3.25,1
1169,3,4,4,3,4,4,3,5,30,3.75,0
715,4,4,4,4,4,4,4,4,32,4.0,1
501,4,4,5,5,4,5,5,5,37,4.625,0
212,4,3,4,4,3,4,3,5,30,3.75,0
2614,3,4,4,4,4,4,4,5,32,4.0,1
2743,4,3,4,4,3,3,3,3,27,3.375,0
606,3,3,3,4,3,3,3,5,27,3.375,1
261,4,3,4,3,4,3,3,4,28,3.5,1
2384,5,5,5,5,4,5,4,5,38,4.75,1
1898,4,5,4,5,4,4,4,5,35,4.375,1
2319,5,5,5,5,5,5,5,5,40,5.0,0
598,5,5,5,5,5,5,4,5,39,4.875,1
2075,4,3,3,3,3,3,2,5,26,3.25,1
1002,4,3,3,3,3,3,2,5,26,3.25,1
1250,4,5,5,3,3,5,3,5,33,4.125,0
1952,4,5,5,5,5,4,5,5,38,4.75,1
2484,4,4,4,4,4,3,3,5,31,3.875,1
2709,4,5,5,5,4,4,4,5,36,4.5,1
395,4,3,4,4,3,3,3,3,27,3.375,0
2360,4,3,3,2,3,3,2,5,25,3.125,0
2374,4,4,4,4,3,3,3,3,28,3.5,0
764,5,5,5,5,4,5,4,5,38,4.75,1
2034,5,4,5,5,5,4,4,5,37,4.625,1
1326,5,5,5,5,5,5,4,5,39,4.875,1
2872,3,5,5,3,5,5,3,5,34,4.25,1
2049,4,5,4,4,4,5,4,5,35,4.375,1
1018,5,4,4,4,4,4,3,3,31,3.875,0
1334,3,3,3,4,3,3,3,5,27,3.375,1
268,4,4,4,3,4,4,3,5,31,3.875,0
368,4,4,3,3,4,4,3,5,30,3.75,1
1133,5,4,5,5,5,4,4,3,35,4.375,1
486,5,5,5,5,5,5,3,5,38,4.75,1
1881,4,4,4,4,4,4,4,4,32,4.0,1
1610,4,3,3,4,3,3,3,3,26,3.25,1
1946,4,3,4,3,4,3,4,5,30,3.75,0
110,5,4,4,4,4,4,3,5,33,4.125,1
654,5,4,4,4,4,4,3,3,31,3.875,0
2113,4,3,4,3,4,3,4,4,29,3.625,1
2263,2,2,3,3,3,3,3,5,24,3.0,0
99,4,4,4,3,3,4,3,5,30,3.75,1
511,3,4,3,4,3,4,3,5,29,3.625,1
2490,4,3,4,4,3,4,4,5,31,3.875,0
1692,4,4,4,3,4,4,3,5,31,3.875,1
2226,3,3,3,4,3,3,3,5,27,3.375,1
992,5,3,3,4,3,3,3,4,28,3.5,0
2176,5,5,5,5,5,5,4,5,39,4.875,0
611,5,5,3,5,3,5,5,5,36,4.5,1
418,5,3,4,4,4,4,3,5,32,4.0,0
1687,4,4,4,4,3,4,4,5,32,4.0,0
1449,5,4,4,4,4,4,4,5,34,4.25,1
2605,5,4,4,4,4,4,4,5,34,4.25,1
612,4,4,4,4,4,4,4,5,33,4.125,1
566,5,4,5,4,4,4,4,5,35,4.375,1
1658,4,4,4,4,3,3,3,3,28,3.5,0
1684,5,5,5,5,5,5,4,5,39,4.875,1
210,5,4,4,4,4,5,4,5,35,4.375,1
2244,4,3,2,3,2,2,3,5,24,3.0,1
2959,5,5,3,5,3,5,5,5,36,4.5,1
1113,5,4,4,4,4,4,4,3,32,4.0,1
2768,5,4,5,5,5,4,4,4,36,4.5,1
2418,3,4,3,4,3,4,3,5,29,3.625,1
2004,4,3,3,2,3,3,2,5,25,3.125,0
2332,3,4,3,4,3,4,3,5,29,3.625,1
2728,5,3,3,3,3,3,3,4,27,3.375,0
2376,5,4,4,4,4,5,4,5,35,4.375,1
2522,4,5,4,4,4,4,4,5,34,4.25,0
2209,4,3,4,3,4,3,3,5,29,3.625,0
2635,5,5,4,5,5,5,5,5,39,4.875,1
2058,4,4,4,4,4,4,4,5,33,4.125,1
194,4,3,3,2,3,3,2,5,25,3.125,0
2044,5,5,5,5,5,5,4,5,39,4.875,1
1399,4,4,4,4,4,4,3,5,32,4.0,0
29,5,5,5,5,5,5,4,5,39,4.875,1
1651,3,3,3,3,3,2,2,4,23,2.875,0
859,4,3,3,2,3,2,3,4,24,3.0,1
894,3,4,3,4,3,4,3,5,29,3.625,1
2120,4,4,4,4,4,3,3,5,31,3.875,1
618,4,3,3,3,4,3,4,5,29,3.625,0
241,4,4,4,4,5,4,4,5,34,4.25,0
2857,3,3,3,3,4,3,3,3,25,3.125,1
710,3,2,3,3,3,3,3,5,25,3.125,0
1679,5,4,5,5,5,4,4,5,37,4.625,1
708,4,3,4,4,4,3,3,5,30,3.75,1
2495,3,4,3,4,3,4,3,5,29,3.625,1
1287,3,3,3,3,3,2,2,4,23,2.875,0
208,4,4,4,4,3,3,3,3,28,3.5,0
2285,5,4,5,5,5,4,4,4,36,4.5,1
2882,4,4,4,4,3,3,3,5,30,3.75,0
2967,4,4,4,4,3,4,3,4,30,3.75,1
1036,4,4,5,4,4,4,3,5,33,4.125,0
2546,5,3,3,3,3,3,3,4,27,3.375,0
614,4,4,4,4,4,4,4,4,32,4.0,1
983,4,4,4,4,3,4,3,4,30,3.75,1
789,4,4,4,3,3,3,3,5,29,3.625,1
1902,3,3,3,3,3,2,2,4,23,2.875,1
1849,5,5,5,5,4,5,4,5,38,4.75,1
1413,4,5,5,5,5,4,5,5,38,4.75,1
263,4,4,4,4,3,3,3,5,30,3.75,1
1055,3,3,3,3,4,3,3,3,25,3.125,1
923,3,3,3,3,3,2,2,4,23,2.875,0
1963,4,2,4,4,3,3,3,5,28,3.5,0
2521,4,3,3,3,3,3,3,5,27,3.375,1
2824,5,5,4,4,5,4,4,5,36,4.5,1
507,3,3,4,4,4,4,4,5,31,3.875,0
1362,5,5,5,5,5,5,4,5,39,4.875,1
810,5,3,3,4,3,3,3,4,28,3.5,0
1857,5,4,5,5,4,4,4,5,36,4.5,0
13,3,3,3,3,3,2,2,4,23,2.875,0
1680,5,5,5,5,5,4,4,3,36,4.5,1
1523,4,5,5,5,5,5,5,5,39,4.875,1
674,5,3,3,3,3,3,2,5,27,3.375,1
1210,5,3,5,4,4,3,3,5,32,4.0,1
2257,4,4,4,4,4,4,4,5,33,4.125,0
1032,5,5,5,5,5,5,3,5,38,4.75,1
1069,4,5,3,5,5,5,3,5,35,4.375,1
1633,4,4,4,4,5,5,5,3,34,4.25,1
1020,5,4,4,4,4,4,3,5,33,4.125,1
978,4,4,4,4,4,4,4,4,32,4.0,1
2465,5,4,5,5,5,5,4,5,38,4.75,1
857,4,3,4,3,4,3,4,4,29,3.625,1
2010,4,4,4,5,5,4,4,5,35,4.375,0
2305,4,5,5,5,5,4,5,5,38,4.75,1
2946,5,5,5,5,5,5,4,5,39,4.875,1
374,5,5,5,5,5,5,4,5,39,4.875,0
2437,3,3,3,3,3,2,2,4,23,2.875,1
1357,4,3,3,3,3,3,2,5,26,3.25,1
427,4,4,4,4,4,4,4,4,32,4.0,1
206,5,5,5,5,5,4,4,4,37,4.625,1
2135,5,5,5,4,5,4,5,5,38,4.75,0
2859,3,4,3,4,3,4,3,5,29,3.625,1
2341,5,4,4,4,4,4,4,5,34,4.25,1
2068,4,4,4,3,3,4,4,5,31,3.875,1
2212,5,3,3,3,4,3,3,3,27,3.375,0
1584,5,3,3,3,3,3,2,5,27,3.375,1
1918,5,5,4,5,5,5,5,5,39,4.875,1
1589,4,3,4,3,4,3,4,5,30,3.75,0
2082,4,4,4,4,4,4,3,5,32,4.0,0
1729,4,4,3,4,3,4,3,4,29,3.625,0
584,4,4,3,3,3,4,4,3,28,3.5,0
270,5,5,5,5,5,5,4,5,39,4.875,1
1393,5,4,5,5,5,4,4,4,36,4.5,1
1141,5,4,5,5,5,4,4,5,37,4.625,1
1135,4,3,4,3,4,3,3,5,29,3.625,0
2545,3,3,3,3,3,3,3,4,25,3.125,0
1835,5,4,5,5,5,5,4,5,38,4.75,1
2251,4,5,4,5,4,4,4,5,35,4.375,1
778,5,5,5,5,5,5,4,5,39,4.875,1
2493,3,3,3,3,4,3,3,3,25,3.125,1
271,3,3,3,3,3,2,2,4,23,2.875,1
1832,4,3,3,4,5,4,3,5,31,3.875,0
2202,5,5,5,5,4,5,4,5,38,4.75,1
2411,4,4,4,4,4,4,4,4,32,4.0,1
1085,5,4,4,4,4,4,4,5,34,4.25,1
1982,5,4,5,5,5,5,4,5,38,4.75,0
1823,5,5,5,5,5,5,4,5,39,4.875,0
140,4,4,3,4,4,4,4,5,32,4.0,0
2446,4,4,3,4,3,4,3,4,29,3.625,0
145,3,3,3,3,4,3,3,3,25,3.125,1
1559,4,4,4,4,4,4,4,5,33,4.125,0
1462,4,4,4,3,3,3,3,3,27,3.375,1
1968,4,5,5,5,5,5,5,3,37,4.625,0
135,4,3,4,4,4,3,3,5,30,3.75,1
2382,5,4,5,5,5,5,5,5,39,4.875,1
554,4,4,4,4,4,4,4,5,33,4.125,1
2723,3,4,4,4,3,4,4,5,31,3.875,1
944,5,4,5,5,5,5,5,5,39,4.875,1
252,3,4,3,4,3,4,3,5,29,3.625,1
707,3,3,3,3,3,3,3,5,26,3.25,1
1059,5,4,4,3,3,4,4,4,31,3.875,0
2380,5,5,4,5,5,4,4,5,37,4.625,0
787,4,4,4,4,5,4,4,5,34,4.25,0
898,4,4,4,4,3,3,3,5,30,3.75,0
393,5,5,5,5,5,5,4,5,39,4.875,1
2170,4,4,3,3,4,4,3,5,30,3.75,1
1975,3,2,3,3,3,3,3,5,25,3.125,0
2473,4,4,4,4,4,4,3,5,32,4.0,0
802,3,4,4,4,3,4,3,5,30,3.75,1
1271,4,5,5,5,4,4,4,5,36,4.5,1
2148,3,2,3,3,3,3,3,5,25,3.125,0
1103,3,4,4,4,3,4,4,5,31,3.875,1
712,3,4,3,4,3,4,3,5,29,3.625,1
976,4,4,4,4,4,4,4,5,33,4.125,1
2900,4,4,4,3,3,3,3,3,27,3.375,1
1497,5,4,5,5,5,4,4,3,35,4.375,1
352,4,4,4,4,3,3,3,5,30,3.75,0
1510,5,3,4,4,4,4,3,5,32,4.0,0
2396,5,5,5,5,5,4,4,3,36,4.5,1
794,4,4,4,4,4,4,4,5,33,4.125,1
1530,3,4,4,4,3,4,3,5,30,3.75,1
1157,5,5,3,5,3,5,5,5,36,4.5,1
1640,4,3,3,3,3,3,2,5,26,3.25,0
2370,5,4,5,5,5,5,4,5,38,4.75,1
1997,4,4,3,3,3,3,3,5,28,3.5,1
975,5,5,3,5,3,5,5,5,36,4.5,1
656,5,4,4,4,4,4,3,5,33,4.125,1
755,5,5,5,5,5,4,4,3,36,4.5,1
601,4,4,4,4,3,4,4,5,32,4.0,0
1136,5,4,5,5,4,4,4,5,36,4.5,0
1432,4,5,5,3,3,5,3,5,33,4.125,0
219,5,5,4,5,4,5,5,5,38,4.75,1
2908,4,4,3,4,4,4,3,5,31,3.875,0
1525,4,3,3,3,3,3,3,5,27,3.375,1
2171,4,4,3,3,3,3,3,5,28,3.5,1
2440,4,3,3,3,3,3,2,5,26,3.25,1
220,4,4,3,3,3,4,4,3,28,3.5,0
2439,4,4,4,4,4,4,4,5,33,4.125,0
2855,3,3,4,4,4,4,4,5,31,3.875,0
2566,5,5,5,5,4,5,4,5,38,4.75,1
47,5,4,5,5,5,4,4,5,37,4.625,1
73,4,4,4,4,3,4,3,4,30,3.75,1
14,4,4,3,4,4,4,3,5,31,3.875,0
659,4,3,4,4,4,3,3,4,29,3.625,1
359,4,4,4,4,5,5,5,3,34,4.25,1
1042,5,5,5,5,5,5,4,5,39,4.875,0
972,4,4,4,3,4,3,3,4,29,3.625,0
762,5,4,5,5,5,5,5,5,39,4.875,1
1337,4,4,4,4,4,4,4,4,32,4.0,1
1387,4,3,4,4,4,3,3,4,29,3.625,1
493,4,3,4,3,4,3,4,4,29,3.625,1
1089,4,5,5,5,4,4,4,5,36,4.5,1
2003,3,4,4,4,3,4,4,5,31,3.875,1
1353,4,3,4,3,4,3,3,4,28,3.5,1
1938,4,4,4,4,4,4,3,5,32,4.0,0
233,5,4,5,5,5,4,4,5,37,4.625,1
2457,5,5,4,4,5,4,5,3,35,4.375,0
1743,5,5,4,4,5,4,4,5,36,4.5,1
11,3,4,4,4,3,4,4,5,31,3.875,1
1293,4,3,3,4,5,4,3,5,31,3.875,0
607,4,4,4,3,3,3,3,5,29,3.625,1
463,4,4,4,3,3,4,3,5,30,3.75,1
2470,5,5,5,5,5,5,3,5,38,4.75,1
2597,4,5,5,5,5,5,5,5,39,4.875,1
2428,4,4,3,4,3,4,3,5,30,3.75,0
2504,5,5,5,5,5,4,5,5,39,4.875,1
2576,5,3,3,3,4,3,3,3,27,3.375,0
2354,4,4,4,3,3,3,3,3,27,3.375,1
1611,5,4,3,3,3,3,2,3,26,3.25,0
2650,5,3,5,4,4,4,3,4,32,4.0,0
1901,5,5,5,5,5,5,4,5,39,4.875,1
2240,3,4,4,4,3,4,3,5,30,3.75,1
1127,5,3,3,4,5,3,3,3,29,3.625,1
2830,5,3,5,4,4,3,3,5,32,4.0,1
849,5,5,5,5,5,4,3,4,36,4.5,1
751,4,3,3,3,5,3,3,3,27,3.375,0
543,4,5,5,5,4,4,4,5,36,4.5,1
2207,5,4,5,5,5,4,4,3,35,4.375,1
1792,3,3,3,3,3,3,3,5,26,3.25,1
1450,5,5,4,5,4,4,5,4,36,4.5,1
1056,3,3,4,3,4,3,3,3,26,3.25,1
635,3,3,3,3,3,2,2,4,23,2.875,1
299,5,4,5,5,5,5,4,5,38,4.75,1
247,5,5,3,5,3,5,5,5,36,4.5,1
1648,5,5,5,5,5,5,4,5,39,4.875,0
146,3,3,4,3,4,3,3,3,26,3.25,1
1070,3,5,5,3,5,5,3,5,34,4.25,1
304,5,5,5,5,5,5,3,5,38,4.75,1
2564,5,4,5,5,5,5,5,5,39,4.875,1
931,5,4,4,4,4,4,4,3,32,4.0,1
1993,4,4,4,4,4,4,3,5,32,4.0,1
2180,4,4,3,4,4,4,3,5,31,3.875,0
2833,5,5,5,5,5,4,3,4,36,4.5,1
1241,5,4,4,3,3,4,4,4,31,3.875,0
881,5,5,5,5,5,5,5,5,40,5.0,0
630,3,4,4,4,4,4,4,5,32,4.0,1
627,4,4,4,4,3,3,3,5,30,3.75,1
2595,5,5,3,5,3,5,5,5,36,4.5,1
2187,5,4,4,4,4,4,4,3,32,4.0,1
423,4,4,4,4,5,4,4,5,34,4.25,0
370,4,4,4,3,3,3,3,3,27,3.375,1
139,4,5,5,5,5,4,5,5,38,4.75,1
2670,4,4,3,4,4,4,4,5,32,4.0,0
2827,5,5,5,5,5,5,5,5,40,5.0,1
2077,4,5,4,5,4,4,4,5,35,4.375,1
1734,4,4,4,4,4,4,4,5,33,4.125,0
1955,4,3,4,4,3,4,4,5,31,3.875,0
798,3,4,3,4,3,4,3,5,29,3.625,1
1663,4,3,4,4,3,3,3,3,27,3.375,0
2317,5,5,5,4,5,4,5,5,38,4.75,0
842,5,4,3,3,3,4,4,5,31,3.875,0
494,4,3,4,4,4,3,3,3,28,3.5,1
1669,5,5,4,5,4,5,5,5,38,4.75,1
2776,3,3,3,4,3,3,3,5,27,3.375,1
1718,4,4,4,4,3,4,4,5,32,4.0,1
1784,5,5,5,5,5,5,5,5,40,5.0,0
2854,4,3,4,4,3,4,4,5,31,3.875,0
1739,5,4,4,4,4,4,3,3,31,3.875,0
1332,4,3,3,3,3,3,3,5,27,3.375,1
2935,5,4,5,5,5,4,4,3,35,4.375,1
2956,4,4,4,3,4,3,3,4,29,3.625,0
1787,5,5,5,5,5,4,5,5,39,4.875,1
1673,5,4,5,5,5,4,4,3,35,4.375,1
2356,4,4,4,4,4,4,4,5,33,4.125,1
1987,4,4,4,4,5,5,5,3,34,4.25,1
1794,4,3,4,2,2,2,2,5,24,3.0,0
1247,5,4,3,3,3,3,2,3,26,3.25,0
1217,4,4,4,4,4,4,3,5,32,4.0,0
1701,3,4,3,4,3,4,3,5,29,3.625,1
1261,4,4,4,4,4,4,4,4,32,4.0,1
1160,4,4,4,4,4,4,4,4,32,4.0,1
1866,5,4,5,5,4,4,4,3,34,4.25,1
650,4,5,4,4,4,4,4,5,34,4.25,0
2534,4,4,3,3,4,4,3,5,30,3.75,1
2046,5,3,4,4,4,4,3,5,32,4.0,0
1756,4,4,4,4,4,4,3,5,32,4.0,0
1438,3,2,3,3,3,3,3,5,25,3.125,0
1005,4,3,4,3,3,3,3,5,28,3.5,1
537,4,3,3,3,3,3,3,5,27,3.375,1
1577,5,5,5,5,5,4,3,4,36,4.5,1
1273,4,4,4,3,3,4,3,5,30,3.75,1
533,4,4,4,4,4,4,4,4,32,4.0,1
1994,4,3,3,3,3,3,2,5,26,3.25,0
2358,5,5,5,5,5,5,4,5,39,4.875,0
1240,4,4,4,3,4,4,3,4,30,3.75,0
1713,5,3,3,4,3,3,3,4,28,3.5,0
190,4,4,4,4,4,4,4,5,33,4.125,1
1728,2,2,3,3,3,3,3,5,24,3.0,0
1760,4,3,4,3,4,3,4,4,29,3.625,1
1071,3,3,3,3,3,3,3,5,26,3.25,1
2907,3,3,3,3,3,2,2,4,23,2.875,0
2218,5,5,5,5,5,5,4,5,39,4.875,1
519,5,4,3,3,3,3,2,3,26,3.25,0
827,4,4,4,3,3,4,3,5,30,3.75,1
1962,5,5,5,4,5,4,5,5,38,4.75,0
2627,2,2,3,3,3,3,3,5,24,3.0,0
2024,5,5,4,5,5,4,4,5,37,4.625,0
2333,4,3,3,3,3,3,3,5,27,3.375,1
2866,4,3,3,4,3,3,3,3,26,3.25,1
907,4,5,5,5,4,4,4,5,36,4.5,1
1863,5,5,5,5,5,5,4,5,39,4.875,1
528,3,2,3,3,3,3,3,5,25,3.125,0
59,4,4,4,4,5,4,4,5,34,4.25,0
477,4,3,4,4,4,3,3,4,29,3.625,1
82,5,3,3,4,3,3,3,4,28,3.5,0
76,4,4,4,3,3,4,4,5,31,3.875,1
2639,5,5,4,4,5,4,5,3,35,4.375,0
1976,5,5,4,5,4,5,4,5,37,4.625,0
15,3,3,3,3,3,3,3,4,25,3.125,0
1080,4,4,4,4,3,3,3,5,30,3.75,0
1671,5,5,5,5,5,4,4,5,38,4.75,1
2572,5,4,5,5,5,4,4,5,37,4.625,1
468,4,5,4,4,4,4,4,5,34,4.25,0
1155,4,4,4,4,4,4,4,4,32,4.0,1
1737,4,4,4,4,4,4,4,5,33,4.125,1
2492,5,4,4,4,5,4,5,5,36,4.5,0
2860,4,4,4,3,4,4,3,4,30,3.75,0
1087,4,4,4,4,5,5,5,3,34,4.25,1
967,4,5,4,4,4,5,4,5,35,4.375,1
2206,5,5,5,5,5,4,4,5,38,4.75,1
1175,4,3,3,3,3,3,2,5,26,3.25,1
1238,3,3,4,3,4,3,3,3,26,3.25,1
328,3,3,4,3,4,3,3,3,26,3.25,1
1667,5,3,3,4,5,3,3,3,29,3.625,1
2361,3,3,3,3,3,2,2,4,23,2.875,0
1562,4,4,4,4,4,4,4,5,33,4.125,1
1594,4,5,5,5,5,4,5,5,38,4.75,1
1351,3,4,4,3,4,4,3,5,30,3.75,0
1007,2,2,3,3,3,3,3,5,24,3.0,0
437,4,4,4,4,3,4,3,4,30,3.75,1
643,2,2,3,3,3,3,3,5,24,3.0,0
2196,4,3,4,4,3,4,3,5,30,3.75,0
899,5,4,5,5,5,5,4,5,38,4.75,0
1628,3,4,3,3,3,3,3,5,27,3.375,0
2464,5,4,5,5,5,5,4,5,38,4.75,1
112,5,5,4,4,5,4,4,5,36,4.5,1
552,4,4,4,3,3,3,3,3,27,3.375,1
40,5,5,5,5,5,4,4,5,38,4.75,1
1348,3,4,4,4,3,4,3,5,30,3.75,1
249,4,5,5,5,5,5,5,5,39,4.875,1
19,4,3,3,4,5,4,3,5,31,3.875,0
398,5,4,5,5,5,5,5,5,39,4.875,1
18,4,4,4,5,5,4,4,5,35,4.375,0
256,3,4,4,4,3,4,3,5,30,3.75,1
386,5,4,5,5,5,5,4,5,38,4.75,1
1307,4,4,4,5,5,4,3,5,34,4.25,0
128,5,3,3,3,3,3,2,5,27,3.375,1
2891,4,5,5,5,4,4,4,5,36,4.5,1
264,5,3,3,4,3,3,3,4,28,3.5,0
2371,4,3,3,3,5,3,3,3,27,3.375,0
2876,3,2,3,3,3,3,3,5,25,3.125,0
1498,5,4,5,5,5,4,4,5,37,4.625,1
732,4,4,3,3,4,4,3,5,30,3.75,1
740,4,3,3,2,3,3,2,5,25,3.125,0
2364,5,3,3,3,3,3,3,4,27,3.375,0
2349,4,4,4,4,4,4,3,5,32,4.0,1
2906,4,3,3,2,3,3,2,5,25,3.125,0
1695,3,3,3,4,4,4,3,5,29,3.625,1
2006,4,4,3,4,4,4,3,5,31,3.875,0
1045,4,3,4,4,4,3,3,5,30,3.75,1
966,5,4,5,5,5,4,4,4,36,4.5,1
1966,5,4,3,3,3,3,2,3,26,3.25,0
815,4,4,4,4,3,4,4,5,32,4.0,1
2798,4,4,4,3,4,4,3,5,31,3.875,0
2252,4,4,4,3,4,4,3,5,31,3.875,0
2561,4,3,4,4,3,3,3,3,27,3.375,0
735,5,3,3,4,3,3,3,5,29,3.625,1
1886,4,4,4,4,3,4,3,4,30,3.75,1
2706,5,5,4,5,4,4,5,4,36,4.5,1
2071,4,3,4,3,4,3,3,4,28,3.5,1
1710,4,3,4,3,4,3,3,4,28,3.5,1
187,4,4,3,3,3,3,3,5,28,3.5,1
539,5,4,4,4,4,4,4,5,34,4.25,1
2848,4,4,4,4,4,3,3,5,31,3.875,1
1192,4,4,5,4,4,4,4,5,34,4.25,0
1027,5,4,5,5,5,5,4,5,38,4.75,1
2041,5,4,5,5,5,4,4,5,37,4.625,1
901,4,3,3,3,3,3,3,5,27,3.375,1
1533,3,4,4,3,4,4,3,5,30,3.75,0
1014,4,5,4,4,4,4,4,5,34,4.25,0
2791,4,3,4,3,4,3,3,4,28,3.5,1
823,4,3,4,3,3,3,3,5,28,3.5,1
803,5,4,4,4,4,4,4,5,34,4.25,1
1634,4,3,3,4,3,3,3,5,28,3.5,0
415,5,4,5,5,5,4,4,5,37,4.625,1
2478,4,3,4,4,4,3,3,3,28,3.5,1
1132,5,5,5,5,5,4,4,5,38,4.75,1
1128,5,5,5,5,4,5,4,5,38,4.75,1
402,4,4,3,3,3,4,4,3,28,3.5,0
2966,4,3,3,3,4,3,4,5,29,3.625,0
1891,4,3,2,3,2,2,3,5,24,3.0,1
963,5,4,5,5,4,4,4,3,34,4.25,1
2279,4,3,4,4,4,3,3,4,29,3.625,1
734,4,4,4,3,3,3,3,3,27,3.375,1
2410,4,4,4,3,4,3,3,4,29,3.625,0
1025,5,5,5,5,5,5,5,5,40,5.0,1
1647,4,4,3,4,3,4,4,5,31,3.875,1
161,3,3,3,3,3,3,3,5,26,3.25,1
1346,4,3,3,3,4,3,4,5,29,3.625,0
1796,5,5,4,5,4,5,4,5,37,4.625,0
661,5,5,5,5,5,5,5,5,40,5.0,1
1309,5,3,3,4,5,3,3,3,29,3.625,1
2654,4,3,4,4,4,3,3,5,30,3.75,0
2372,5,5,5,5,5,4,4,4,37,4.625,1
653,5,4,4,4,4,4,3,4,32,4.0,0
378,4,4,3,4,4,4,3,5,31,3.875,0
2203,5,5,4,5,4,5,5,5,38,4.75,1
1917,4,5,4,4,4,4,4,5,34,4.25,0
482,5,3,5,4,4,3,3,5,32,4.0,1
1900,4,4,4,4,3,4,4,5,32,4.0,1
277,4,3,4,3,3,3,3,5,28,3.5,1
2836,4,3,4,4,4,3,3,5,30,3.75,0
2424,4,4,4,3,3,4,4,5,31,3.875,1
733,4,4,3,3,3,3,3,5,28,3.5,1
2563,4,4,4,5,5,4,3,5,34,4.25,0
1477,5,4,4,4,4,4,4,3,32,4.0,1
1721,4,4,4,4,4,4,3,5,32,4.0,0
111,5,4,4,4,4,4,3,5,33,4.125,1
272,4,4,4,4,4,4,3,5,32,4.0,0
2243,3,4,4,3,4,4,3,5,30,3.75,0
2610,4,4,3,4,3,4,3,5,30,3.75,0
2816,4,5,4,4,4,4,4,5,34,4.25,0
2115,4,3,3,2,3,2,3,4,24,3.0,1
2965,4,4,4,4,4,4,4,5,33,4.125,0
1026,5,4,5,5,5,5,4,5,38,4.75,1
474,5,4,4,4,4,4,3,5,33,4.125,1
2531,4,4,4,4,4,4,3,5,32,4.0,1
2734,5,4,5,5,5,5,4,5,38,4.75,1
560,4,4,3,4,4,4,3,5,31,3.875,0
1110,4,4,4,5,5,4,4,5,35,4.375,0
1106,4,4,3,4,4,4,3,5,31,3.875,0
399,5,3,3,4,5,3,3,3,29,3.625,1
240,4,3,3,3,3,3,3,5,27,3.375,1
1506,5,5,5,5,4,5,4,5,38,4.75,1
1956,3,3,4,4,4,4,4,5,31,3.875,0
1949,4,4,4,4,4,3,3,5,31,3.875,1
845,5,4,5,5,5,5,4,5,38,4.75,1
1502,5,3,3,3,4,3,3,3,27,3.375,0
2741,5,5,5,5,5,5,4,5,39,4.875,1
1757,4,4,5,4,4,4,3,5,33,4.125,0
184,4,3,3,3,3,3,2,5,26,3.25,0
2156,3,4,3,3,3,3,3,5,27,3.375,0
1126,5,4,5,5,5,5,5,5,39,4.875,1
2015,4,3,3,3,5,3,3,3,27,3.375,0
230,5,5,5,5,5,4,4,3,36,4.5,1
1688,4,5,4,4,4,5,4,5,35,4.375,1
559,3,3,3,3,3,2,2,4,23,2.875,0
211,5,5,5,5,5,5,4,5,39,4.875,1
1595,4,5,5,5,5,4,5,5,38,4.75,1
20,5,4,5,4,4,4,4,5,35,4.375,1
495,4,3,3,2,3,2,3,4,24,3.0,1
170,4,4,4,4,3,3,3,5,30,3.75,0
1359,4,5,4,5,4,4,4,5,35,4.375,1
358,5,5,4,5,4,4,5,4,36,4.5,1
2009,4,4,4,4,4,4,4,5,33,4.125,0
1867,5,3,4,4,4,4,3,5,32,4.0,0
462,4,4,3,4,3,4,3,4,29,3.625,0
1998,4,4,4,3,3,3,3,3,27,3.375,1
924,4,4,3,4,4,4,3,5,31,3.875,0
341,4,5,3,5,5,5,3,5,35,4.375,1
663,5,4,5,5,5,5,4,5,38,4.75,1
1134,5,4,5,5,5,4,4,5,37,4.625,1
2103,5,4,5,5,5,4,4,4,36,4.5,1
1470,4,4,3,4,4,4,3,5,31,3.875,0
793,5,5,3,5,3,5,5,5,36,4.5,1
101,5,4,4,4,4,3,3,5,32,4.0,0
1284,5,5,5,5,5,5,4,5,39,4.875,0
7,5,3,3,4,3,3,3,5,29,3.625,1
1583,5,3,5,4,5,5,3,5,35,4.375,1
833,5,5,4,5,5,5,5,5,39,4.875,1
2128,5,4,4,4,5,4,5,5,36,4.5,0
1670,4,4,3,3,3,4,4,3,28,3.5,0
2051,4,4,4,4,5,4,4,5,34,4.25,0
176,5,5,4,5,4,4,5,4,36,4.5,1
1578,5,5,5,5,5,5,3,5,38,4.75,1
819,4,4,4,4,4,4,4,5,33,4.125,0
2707,4,4,4,4,5,5,5,3,34,4.25,1
797,4,3,3,3,3,3,3,5,27,3.375,1
2684,4,3,3,4,3,3,3,3,26,3.25,1
2183,4,4,4,4,4,4,4,5,33,4.125,0
1846,4,4,4,5,5,4,3,5,34,4.25,0
1159,4,5,5,5,5,5,5,5,39,4.875,1
1469,3,3,3,3,3,2,2,4,23,2.875,0
2958,3,3,3,4,3,3,3,5,27,3.375,1
1874,4,4,4,3,3,3,3,5,29,3.625,1
2468,5,3,5,4,4,4,3,4,32,4.0,0
1767,4,4,4,4,4,3,3,5,31,3.875,1
1969,4,5,5,3,3,5,3,5,33,4.125,0
1161,4,3,3,3,3,3,3,5,27,3.375,1
2647,5,4,5,5,5,5,4,5,38,4.75,1
376,4,3,3,2,3,3,2,5,25,3.125,0
278,4,3,4,3,3,3,2,5,27,3.375,1
1124,5,5,4,5,5,4,4,5,37,4.625,0
339,4,5,5,5,5,5,5,3,37,4.625,0
131,4,3,3,2,3,2,3,4,24,3.0,1
1232,4,4,3,4,4,4,4,5,32,4.0,0
1188,4,3,4,3,3,3,2,5,27,3.375,1
1231,4,5,5,5,5,4,5,5,38,4.75,1
2355,5,3,3,4,3,3,3,5,29,3.625,1
